Rk,2018-19 Salary,Player,Pos,Age,Tm,G,GS,MP,FG,FGA,FG%,3P,3PA,3P%,2P,2PA,2P%,eFG%,FT,FTA,FT%,ORB,DRB,TRB,AST,STL,BLK,TOV,PF,PPG,WS,OBPM,DBPM,BPM,VORP,All-NBA
1,5455236,Alex Abrines,SG,24,OKC,75,8,15.1,1.5,3.9,0.395,1.1,2.9,0.38,0.4,0.9,0.443,0.54,0.5,0.6,0.848,0.3,1.2,1.5,0.4,0.5,0.1,0.3,1.7,4.7,2.2,-0.5,-1.7,-2.2,-0.1,0
2,24157304,Steven Adams,C,24,OKC,76,76,32.7,5.9,9.4,0.629,0,0,0,5.9,9.3,0.631,0.629,2.1,3.8,0.559,5.1,4,9,1.2,1.2,1,1.7,2.8,13.9,9.7,2.2,1.1,3.3,3.3,0
3,685341,Cole Aldrich,C,29,MIN,21,0,2.3,0.2,0.7,0.333,0,0,0,0.2,0.7,0.333,0.333,0.1,0.3,0.333,0.1,0.6,0.7,0.1,0.1,0,0,0.5,0.6,0,-7,0.1,-6.9,-0.1,0
4,22347015,LaMarcus Aldridge,C,32,SAS,75,75,33.5,9.2,18,0.51,0.4,1.2,0.293,8.8,16.7,0.526,0.52,4.5,5.3,0.837,3.3,5.2,8.5,2,0.6,1.2,1.5,2.1,23.1,10.9,3,0.3,3.3,3.3,5
5,6957105,Al-Farouq Aminu,PF,27,POR,69,67,30,3.3,8.4,0.395,1.8,4.9,0.369,1.5,3.5,0.432,0.503,0.9,1.2,0.738,1.4,6.2,7.6,1.2,1.1,0.6,1.1,2,9.3,4.2,-0.8,1.9,1.1,1.6,0
6,8641000,Kyle Anderson,SF,24,SAS,74,67,26.7,3.1,5.9,0.527,0.3,0.8,0.333,2.9,5.1,0.556,0.549,1.4,2,0.712,1.1,4.2,5.4,2.7,1.6,0.8,1.3,1.5,7.9,6.2,-0.3,4.3,4.1,3,0
7,20421546,Ryan Anderson,PF,29,HOU,66,50,26.1,3.1,7.3,0.431,2,5.1,0.386,1.2,2.1,0.539,0.568,1.1,1.4,0.774,1.4,3.6,5,0.9,0.4,0.3,0.6,1.9,9.3,4.8,1,-0.8,0.2,1,0
8,1378242,Ike Anigbogu,C,19,IND,11,0,2.7,0.4,0.8,0.444,0,0,0,0.4,0.8,0.444,0.444,0.5,0.5,0.833,0.5,0.4,0.8,0,0.1,0.3,0.2,0.1,1.2,0.1,-4.1,-1.2,-5.4,0,0
9,25534253,Carmelo Anthony,PF,33,OKC,78,78,32.1,6.1,15,0.404,2.2,6.1,0.357,3.9,8.9,0.437,0.476,1.9,2.5,0.767,0.9,4.9,5.8,1.3,0.6,0.6,1.3,2.5,16.2,3.7,-1.9,-1.9,-3.8,-1.1,3
10,1349383,Ryan Arcidiacono,PG,23,CHI,24,0,12.7,0.7,1.7,0.415,0.4,1.3,0.29,0.3,0.4,0.8,0.524,0.2,0.3,0.833,0,1,1,1.5,0.5,0,0.5,0.8,2,0.3,-3.3,-0.7,-4.1,-0.2,0
11,15000000,Trevor Ariza,SF,32,HOU,67,67,33.9,4,9.7,0.412,2.5,6.9,0.368,1.5,2.8,0.519,0.542,1.1,1.3,0.854,0.5,3.9,4.4,1.6,1.5,0.2,0.8,2,11.7,5.3,0.8,0.7,1.5,2,0
12,7464912,Darrell Arthur,PF,29,DEN,19,1,7.4,1.2,2.5,0.468,0.4,1.2,0.348,0.7,1.3,0.583,0.553,0.1,0.2,0.667,0.2,0.6,0.8,0.5,0.4,0.2,0.8,1.2,2.8,0,-3.5,-1,-4.5,-0.1,0
13,11286516,Omer Asik,C,31,TOT,18,0,10.1,0.5,1.2,0.409,0,0,0,0.5,1.2,0.409,0.409,0.2,0.7,0.308,0.5,2.1,2.6,0.2,0.1,0.2,0.5,1.1,1.2,-0.1,-8.1,0,-8.1,-0.3,0
14,7250000,D.J. Augustin,PG,30,ORL,75,36,23.5,3.3,7.2,0.452,1.5,3.6,0.419,1.7,3.6,0.485,0.557,2.2,2.5,0.868,0.4,1.7,2.1,3.8,0.7,0,1.6,1.3,10.2,4.1,1.5,-2.5,-0.9,0.5,0
15,1378242,Dwayne Bacon,SG,22,CHO,53,6,13.5,1.4,3.6,0.375,0.2,0.8,0.256,1.2,2.8,0.409,0.404,0.4,0.5,0.8,0.1,2.3,2.3,0.7,0.3,0,0.4,0.9,3.3,-0.1,-5.4,-0.3,-5.7,-0.7,0
16,4544400,Ron Baker,SG,24,NYK,29,1,13.3,0.7,2,0.339,0.4,1.1,0.333,0.3,0.9,0.346,0.432,0.7,0.9,0.769,0.2,0.9,1,1.6,0.9,0.2,0.6,1.1,2.4,0.5,-1.9,0.9,-1,0.1,0
17,1544951,Wade Baldwin,PG,21,POR,7,0,11.4,2,3,0.667,0.6,0.7,0.8,1.4,2.3,0.625,0.762,0.9,1.4,0.6,0.1,1,1.1,0.7,0.3,0.1,0.6,1.7,5.4,0.3,1.1,-1.1,0,0,0
18,3710850,J.J. Barea,PG,33,DAL,69,10,23.2,4.4,10,0.439,1.7,4.5,0.367,2.7,5.5,0.499,0.522,1.2,1.5,0.784,0.2,2.7,2.9,6.3,0.5,0,2.1,1.2,11.6,3.3,2.4,-2.3,0.1,0.8,0
19,24107258,Harrison Barnes,PF,25,DAL,77,77,34.2,7,15.7,0.445,1.5,4.3,0.357,5.4,11.4,0.478,0.494,3.4,4.1,0.827,1,5.1,6.1,2,0.6,0.2,1.5,1.2,18.9,3.8,-0.7,-1.4,-2.1,-0.1,0
20,11830358,Will Barton,SG,27,DEN,81,40,33.1,5.7,12.7,0.452,1.9,5.2,0.37,3.8,7.5,0.51,0.528,2.2,2.8,0.805,0.9,4.2,5,4.1,1,0.6,1.8,2.1,15.7,6.2,1.6,-0.6,1,2,0
21,24000000,Nicolas Batum,SG,29,CHO,64,64,31,4.2,10.2,0.415,1.4,4.3,0.336,2.8,5.9,0.473,0.486,1.7,2,0.831,0.9,3.9,4.8,5.5,1,0.4,2,1.1,11.6,3.5,0.9,0.5,1.4,1.7,0
22,8575916,Jerryd Bayless,SG,29,PHI,39,11,23.7,2.8,6.7,0.416,1.4,3.7,0.37,1.4,3,0.474,0.519,0.9,1.1,0.795,0.4,1.7,2.1,1.4,0.6,0.2,1.2,2.3,7.9,1.1,-1.8,-1,-2.7,-0.2,0
23,5193600,Aron Baynes,C,31,BOS,81,67,18.3,2.6,5.5,0.471,0,0.3,0.143,2.6,5.2,0.487,0.474,0.7,1,0.756,1.6,3.8,5.4,1.1,0.3,0.6,1,2.5,6,3,-3.8,2.1,-1.7,0.1,0
24,18089887,Kent Bazemore,SG,28,ATL,65,65,27.5,4.4,10.4,0.42,1.7,4.2,0.394,2.7,6.2,0.438,0.5,2.5,3.1,0.796,0.4,3.4,3.8,3.5,1.5,0.7,2.4,2.3,12.9,2.2,-0.6,1.1,0.4,1.1,0
25,25434263,Bradley Beal,SG,24,WAS,82,82,36.3,8.3,18.1,0.46,2.4,6.5,0.375,5.9,11.6,0.507,0.527,3.6,4.5,0.791,0.7,3.7,4.4,4.5,1.2,0.4,2.6,2,22.6,6.9,2.7,-1,1.7,2.7,0
26,3500000,Michael Beasley,PF,29,NYK,74,30,22.3,5.5,10.9,0.507,0.5,1.2,0.395,5.1,9.7,0.52,0.528,1.7,2.1,0.78,1.3,4.3,5.6,1.7,0.5,0.6,1.9,2,13.2,2.4,-1,-0.4,-1.5,0.2,0
27,6153846,Marco Belinelli,SG,31,TOT,80,2,24.3,4.2,9.6,0.441,1.9,4.9,0.377,2.4,4.6,0.509,0.539,1.9,2,0.908,0.3,1.6,1.9,1.9,0.8,0.2,1.2,1.1,12.1,3.7,0.8,-2.1,-1.3,0.3,0
28,1378252,Jordan Bell,C,23,GSW,57,13,14.2,2,3.2,0.627,0,0.1,0,2,3.2,0.641,0.627,0.5,0.8,0.682,1.1,2.6,3.6,1.8,0.6,1,0.9,1.6,4.6,2.9,0,3.7,3.7,1.2,0
29,7000000,Davis Bertans,PF,25,SAS,77,10,14.1,2.1,4.8,0.44,1.2,3.3,0.373,0.9,1.5,0.588,0.568,0.5,0.6,0.816,0.2,1.8,2,1,0.3,0.4,0.5,1.2,5.9,3.1,1.2,-0.3,1,0.8,0
30,5027028,Patrick Beverley,SG,29,LAC,11,11,30.4,4.4,10.8,0.403,2.2,5.5,0.4,2.2,5.4,0.407,0.504,1.3,1.5,0.824,1.5,2.6,4.1,2.9,1.7,0.5,2.3,3.1,12.2,0.4,0.4,0.2,0.6,0.2,0
31,1378242,Khem Birch,C,25,ORL,42,0,13.8,1.6,3,0.54,0,0,0,1.6,3,0.54,0.54,1,1.5,0.689,1.7,2.6,4.3,0.8,0.4,0.5,0.5,1.3,4.2,1.8,-1.1,1.4,0.3,0.3,0
32,1349383,Jabari Bird,SG,23,BOS,13,1,8.8,1.2,2,0.577,0.2,0.5,0.429,0.9,1.5,0.632,0.635,0.5,1,0.462,0.5,1,1.5,0.6,0.2,0.1,0.6,0.5,3,0.2,-2.3,0.1,-2.1,0,0
33,17000000,Bismack Biyombo,C,25,ORL,82,25,18.2,2.2,4.3,0.52,0,0,0,2.2,4.3,0.521,0.52,1.2,1.9,0.65,1.8,4,5.7,0.8,0.3,1.2,1,1.9,5.7,2.9,-3.7,2.1,-1.6,0.2,0
34,6500000,Nemanja Bjelica,PF,29,MIN,67,21,20.5,2.6,5.5,0.461,1.1,2.7,0.415,1.4,2.8,0.505,0.563,0.5,0.7,0.8,0.8,3.3,4.1,1.3,0.7,0.2,0.8,2.1,6.8,2.8,0.6,-0.1,0.5,0.9,0
35,1349383,Antonio Blakeney,SG,21,CHI,19,0,16.5,2.8,7.5,0.371,0.8,2.7,0.288,2,4.8,0.418,0.423,1.6,2.1,0.769,0.2,1.5,1.7,1.1,0.4,0.1,0.6,1,7.9,0,-3.2,-3.6,-6.8,-0.4,0
36,15000000,Eric Bledsoe,PG,28,TOT,74,74,31.4,6.3,13.4,0.473,1.7,4.9,0.347,4.6,8.5,0.545,0.536,3.4,4.3,0.795,0.7,3.1,3.8,5,2,0.6,2.9,2.5,17.7,5.6,2.4,-0.3,2.1,2.4,0
37,9000000,Bogdan Bogdanovic,SG,25,SAC,78,53,27.9,4.4,9.9,0.446,1.7,4.2,0.392,2.8,5.7,0.485,0.529,1.3,1.5,0.84,0.4,2.5,2.9,3.3,0.9,0.2,1.6,2.2,11.8,2.9,0.5,-1.5,-1,0.6,0
38,10500000,Bojan Bogdanovic,SF,28,IND,80,80,30.8,5.1,10.7,0.474,1.9,4.8,0.402,3.1,5.8,0.534,0.565,2.2,2.6,0.868,0.4,3,3.4,1.5,0.7,0.1,1.3,1.6,14.3,5.4,1.1,-1.9,-0.7,0.8,0
39,12000000,Avery Bradley,SG,27,TOT,46,46,31.2,5.6,13.6,0.414,1.6,4.4,0.369,4,9.2,0.436,0.474,1.4,1.8,0.768,0.5,2,2.5,2,1.1,0.2,2.2,2,14.3,-0.2,-2.8,-1.4,-4.2,-0.8,0
40,1679520,Tony Bradley,C,20,UTA,9,0,3.2,0.3,1.2,0.273,0,0.1,0,0.3,1.1,0.3,0.273,0.2,0.2,1,0.4,0.8,1.2,0.1,0,0,0,0.1,0.9,0,-6.6,-3,-9.6,-0.1,0
41,1544951,Malcolm Brogdon,PG,25,MIL,48,20,29.9,5.1,10.5,0.485,1.3,3.4,0.385,3.8,7.1,0.532,0.547,1.6,1.8,0.882,0.5,2.8,3.3,3.2,0.9,0.3,1.4,2.7,13,2.7,0.6,-1.9,-1.3,0.2,0
42,1378242,Dillon Brooks,SF,22,MEM,82,74,28.7,4.1,9.4,0.44,1.1,3.2,0.356,3,6.2,0.484,0.501,1.5,2,0.747,0.6,2.5,3.1,1.6,0.9,0.2,1.5,2.8,11,1.2,-1.8,-1.3,-3.1,-0.7,0
43,1656092,MarShon Brooks,SG,29,MEM,7,1,27.6,7.3,14.6,0.5,2.7,4.6,0.594,4.6,10,0.457,0.593,2.9,3.3,0.87,1.1,1.9,3,3.6,1.6,0.4,2.3,0.9,20.1,0.7,5.7,-1.7,4.1,0.3,0
44,1621415,Lorenzo Brown,PG,27,TOR,14,0,9.9,1,2.4,0.412,0.1,0.9,0.167,0.9,1.6,0.545,0.441,0.1,0.1,1,0.1,1,1.1,0.9,0.4,0,0.2,0.5,2.3,0.2,-2.8,-0.2,-3,0,0
45,1378242,Sterling Brown,SG,22,MIL,54,4,14.4,1.5,3.8,0.4,0.6,1.7,0.352,0.9,2.1,0.439,0.478,0.4,0.4,0.875,0.5,2.1,2.6,0.5,0.6,0.2,0.5,1.5,4,0.7,-3.1,-1,-4,-0.4,0
46,1378242,Thomas Bryant,C,20,LAL,15,0,4.8,0.5,1.4,0.381,0.1,0.7,0.1,0.5,0.7,0.636,0.405,0.3,0.6,0.556,0.2,0.9,1.1,0.4,0.1,0.1,0.1,0.4,1.5,0.1,-3.8,-0.4,-4.2,0,0
47,2500000,Reggie Bullock,SF,26,DET,62,52,27.9,4.3,8.8,0.489,2,4.5,0.445,2.3,4.3,0.536,0.603,0.6,0.8,0.796,0.4,2,2.5,1.5,0.8,0.2,0.8,1.1,11.3,4.2,1.3,-0.7,0.7,1.2,0
48,1795015,Trey Burke,PG,25,NYK,36,9,21.8,5.4,10.7,0.503,1.1,2.9,0.362,4.3,7.8,0.556,0.552,1,1.6,0.649,0.4,1.6,2,4.7,0.7,0.1,1.2,1.2,12.8,2.4,4.2,-3.2,1,0.6,0
49,11536515,Alec Burks,SG,26,UTA,64,1,16.5,2.7,6.5,0.411,0.7,2.2,0.331,1.9,4.3,0.452,0.467,1.7,1.9,0.863,0.3,2.7,3,1,0.6,0.1,0.9,1.2,7.7,1.9,-2.5,-0.3,-2.8,-0.2,0
50,20445779,Jimmy Butler,SG,28,MIN,59,59,36.7,7.4,15.6,0.474,1.2,3.4,0.35,6.2,12.2,0.509,0.512,6.2,7.2,0.854,1.3,4,5.3,4.9,2,0.4,1.8,1.3,22.2,8.9,4.9,0.1,5,3.8,2
51,2393887,Jose Calderon,PG,36,CLE,57,32,16,1.6,3.2,0.503,0.8,1.7,0.464,0.8,1.5,0.545,0.624,0.4,0.5,0.8,0.2,1.2,1.5,2.1,0.5,0,0.7,1.4,4.5,1.8,0.1,-2,-1.9,0,0
52,12000000,Kentavious Caldwell-Pope,SG,24,LAL,74,74,33.2,4.6,10.8,0.426,2.1,5.6,0.383,2.4,5.2,0.473,0.526,2.1,2.6,0.789,0.8,4.4,5.2,2.2,1.4,0.2,1.3,2,13.4,5.3,0.6,0.4,1,1.9,0
53,1512601,Isaiah Canaan,PG-SG,26,TOT,20,1,21.1,2.6,6.9,0.38,1.1,3.3,0.333,1.5,3.6,0.423,0.46,2.3,2.6,0.902,0.3,2,2.3,3.8,0.8,0.1,1.5,1.8,8.6,0.6,0.1,-2.5,-2.4,0,0
54,15293104,Clint Capela,C,23,HOU,74,74,27.5,6,9.1,0.652,0,0,0,6,9.1,0.653,0.652,1.9,3.5,0.56,3.3,7.6,10.8,0.9,0.8,1.9,1.4,2.5,13.9,10.2,0.1,2.9,3,2.6,0
55,15400000,DeMarre Carroll,SF,31,BRK,73,73,29.9,4.5,10.8,0.414,2,5.4,0.371,2.5,5.4,0.457,0.506,2.6,3.4,0.764,1.4,5.1,6.6,2,0.8,0.4,1.4,2.3,13.5,4.1,0.4,-0.3,0.2,1.2,0
56,2393887,Vince Carter,SF,41,SAC,58,5,17.7,2,4.9,0.403,1,2.8,0.345,1,2,0.483,0.504,0.5,0.6,0.757,0.3,2.2,2.6,1.2,0.7,0.4,0.6,1.7,5.4,1.2,-1.5,0.4,-1.1,0.2,0
57,1757429,Michael Carter-Williams,PG,26,CHO,52,2,16.1,1.5,4.4,0.332,0.3,1.1,0.237,1.2,3.3,0.365,0.362,1.4,1.7,0.82,0.7,1.9,2.7,2.2,0.8,0.4,1,1.9,4.6,0.9,-2.6,2,-0.6,0.3,0
58,2176260,Omri Casspi,SF,29,GSW,53,7,14,2.3,3.9,0.58,0.2,0.4,0.455,2.1,3.5,0.595,0.604,0.9,1.3,0.725,0.6,3.2,3.8,1,0.3,0.4,0.7,1.3,5.7,2.2,-1.5,0,-1.4,0.1,0
59,13585000,Tyson Chandler,C,35,PHO,46,46,25,2.6,4.1,0.647,0,0,0,2.6,4.1,0.647,0.647,1.3,2,0.624,2.9,6.2,9.1,1.2,0.3,0.6,1.3,2.3,6.5,2.7,-1.3,1,-0.3,0.5,1
60,12800562,Wilson Chandler,SF,30,DEN,74,71,31.7,3.8,8.5,0.445,1.2,3.3,0.358,2.6,5.2,0.501,0.515,1.2,1.5,0.772,1.4,4,5.4,2.1,0.6,0.5,1.2,2.1,10,3.3,-0.5,-0.4,-0.9,0.6,0
61,1757429,Ian Clark,SG,26,NOP,74,2,19.7,3,6.7,0.448,0.8,2.6,0.318,2.2,4.1,0.533,0.511,0.6,0.8,0.763,0.1,1.6,1.7,1.5,0.4,0.1,0.8,1.6,7.4,1.1,-2,-2,-3.9,-0.7,0
62,12500000,Jordan Clarkson,SG,25,TOT,81,2,23.3,5.3,11.8,0.451,1.4,3.9,0.352,3.9,7.9,0.5,0.509,1.9,2.3,0.8,0.7,2,2.7,2.7,0.7,0.1,1.6,1.3,13.9,3,0.8,-2.7,-1.9,0.1,0
63,10000000,Darren Collison,PG,30,IND,69,64,29.2,4.6,9.2,0.495,1.4,3,0.468,3.2,6.3,0.508,0.571,1.8,2.1,0.882,0.5,2,2.6,5.3,1.3,0.2,1.2,1.8,12.4,7.6,3.1,-1,2.2,2.1,0
64,30521116,Mike Conley,PG,30,MEM,12,12,31.1,5.3,14,0.381,2,6.4,0.312,3.3,7.6,0.44,0.452,4.4,5.5,0.803,0,2.3,2.3,4.1,1,0.3,1.5,2,17.1,0.6,1.2,-3.5,-2.3,0,0
65,1641000,Pat Connaughton,SG,25,POR,82,5,18.1,2,4.8,0.423,0.9,2.6,0.352,1.1,2.2,0.506,0.518,0.5,0.5,0.841,0.4,1.5,2,1.1,0.3,0.3,0.5,1.5,5.4,2.5,-0.9,-0.4,-1.3,0.3,0
66,1544951,Quinn Cook,PG,24,GSW,33,18,22.4,3.7,7.6,0.484,1.4,3.2,0.442,2.3,4.5,0.514,0.575,0.7,0.8,0.88,0.3,2.2,2.5,2.7,0.4,0,1,1.8,9.5,1.6,0.6,-2.8,-2.2,0,0
67,5337000,DeMarcus Cousins,C,27,NOP,48,48,36.2,8.5,18,0.47,2.2,6.1,0.354,6.3,11.9,0.53,0.53,6.1,8.2,0.746,2.2,10.7,12.9,5.4,1.6,1.6,5,3.8,25.2,4.7,1.9,3.6,5.5,3.3,0
68,10464092,Robert Covington,SF,27,PHI,80,80,31.7,4.3,10.5,0.413,2.5,6.9,0.369,1.8,3.6,0.497,0.534,1.5,1.7,0.853,0.7,4.7,5.4,2,1.7,0.9,1.6,3,12.6,6.1,0.4,2.1,2.5,2.9,0
69,18500000,Allen Crabbe,SG,25,BRK,75,68,29.3,4.5,11,0.407,2.7,7.1,0.378,1.8,3.9,0.461,0.529,1.5,1.8,0.852,0.4,3.9,4.3,1.6,0.6,0.5,1,2.2,13.2,3.2,0.4,-1.2,-0.8,0.7,0
70,2000000,Torrey Craig,SF,27,DEN,39,5,16.1,1.6,3.5,0.453,0.4,1.5,0.293,1.2,2,0.57,0.515,0.6,0.9,0.629,1,2.2,3.3,0.6,0.3,0.4,0.5,1.6,4.2,0.9,-1.7,-0.8,-2.5,-0.1,0
71,2393887,Jamal Crawford,SG,37,MIN,80,0,20.7,3.9,9.3,0.415,1.3,3.9,0.331,2.6,5.4,0.477,0.485,1.3,1.4,0.903,0.3,1,1.2,2.3,0.5,0.1,1.2,1.1,10.3,1.3,0,-4,-3.9,-0.8,0
72,7305825,Jae Crowder,SF,27,TOT,80,47,26.1,3.4,8.4,0.404,1.4,4.3,0.323,2,4.1,0.488,0.486,1.5,1.9,0.818,0.7,2.7,3.4,1.2,0.8,0.3,0.9,2.3,9.7,2.6,-0.8,-0.9,-1.7,0.1,0
73,2500000,Dante Cunningham,SF,30,TOT,73,25,21.4,2.2,5,0.451,0.8,2.3,0.345,1.5,2.7,0.541,0.53,0.4,0.7,0.596,1.1,3,4.1,0.7,0.5,0.4,0.5,1.5,5.7,2.4,-1.4,0.1,-1.4,0.2,0
74,3258539,Troy Daniels,SG,26,PHO,79,15,20.5,2.9,7.3,0.403,2.3,5.8,0.4,0.6,1.5,0.419,0.563,0.7,0.8,0.875,0.2,1.5,1.6,0.6,0.3,0.1,0.7,1.7,8.9,1.4,0.7,-3.6,-2.9,-0.4,0
75,1544951,Deyonta Davis,C,21,MEM,62,6,15.2,2.6,4.3,0.608,0,0,0,2.6,4.3,0.608,0.608,0.6,0.9,0.667,1.2,2.8,4,0.6,0.2,0.6,0.5,2,5.8,2.7,-1.3,0.4,-0.9,0.3,0
76,4449000,Ed Davis,C,28,POR,78,0,18.9,2.2,3.7,0.582,0,0,0,2.2,3.7,0.584,0.582,0.9,1.4,0.667,2.3,5,7.4,0.5,0.4,0.7,0.8,2.4,5.3,5,-1.8,1.8,0,0.7,0
77,7200000,Dewayne Dedmon,C,28,ATL,62,46,24.9,4,7.7,0.524,0.8,2.3,0.355,3.2,5.4,0.595,0.577,1.1,1.4,0.779,1.6,6.3,7.9,1.5,0.6,0.8,1.4,2.6,10,3.7,-1,1.6,0.5,1,0
78,9607500,Matthew Dellavedova,PG,27,MIL,38,3,18.7,1.4,4,0.362,0.8,2.1,0.372,0.7,1.9,0.351,0.457,0.7,0.7,0.926,0.4,1.3,1.7,3.8,0.4,0,1.3,1.8,4.3,0.5,-2.3,-3.6,-5.9,-0.7,0
79,14354067,Luol Deng,SF,32,LAL,1,1,13,1,2,0.5,0,0,0,1,2,0.5,0.5,0,0,0,0,0,0,1,1,0,1,0,2,0,-7.2,-1.3,-8.5,0,0
80,27739975,DeMar DeRozan,SG,28,TOR,80,80,33.9,8.1,17.7,0.456,1.1,3.6,0.31,7,14.1,0.494,0.488,5.8,7,0.825,0.7,3.2,3.9,5.2,1.1,0.3,2.2,1.9,23,9.6,2.7,-0.9,1.8,2.6,2
81,1544951,Cheick Diallo,PF,21,NOP,52,0,11.2,2,3.4,0.58,0,0,0,2,3.4,0.58,0.58,1,1.3,0.758,0.9,3.2,4.1,0.4,0.2,0.4,0.5,1.6,4.9,1.9,-2.8,-0.3,-3.1,-0.2,0
82,15170787,Gorgui Dieng,C,28,MIN,79,0,16.9,2.4,4.9,0.479,0.2,0.8,0.311,2.1,4.1,0.511,0.504,1,1.3,0.775,1.3,3.2,4.6,0.9,0.6,0.5,0.7,1.9,5.9,2.9,-1,0.6,-0.4,0.5,0
83,1656092,Spencer Dinwiddie,PG,24,BRK,80,58,28.8,4.1,10.5,0.387,1.8,5.4,0.326,2.3,5.1,0.452,0.471,2.7,3.4,0.813,0.5,2.7,3.2,6.6,0.9,0.3,1.6,2.3,12.6,5.7,2.1,-1.8,0.2,1.3,0
84,1378242,Tyler Dorsey,SG,21,ATL,56,5,17.4,2.6,6.8,0.377,1.3,3.6,0.362,1.3,3.3,0.393,0.471,0.8,1.1,0.714,0.3,2,2.3,1.4,0.3,0.1,0.7,1.1,7.2,0.4,-1.8,-2.5,-4.2,-0.5,0
85,1378242,Damyean Dotson,SG,23,NYK,44,2,10.8,1.6,3.7,0.447,0.5,1.5,0.324,1.1,2.1,0.538,0.516,0.4,0.5,0.696,0.2,1.7,1.9,0.7,0.3,0,0.4,0.8,4.1,0.6,-1.4,-1.7,-3.1,-0.1,0
86,18109175,Goran Dragic,PG,31,MIA,75,75,31.7,6.5,14.3,0.45,1.5,4,0.37,5,10.3,0.481,0.502,2.9,3.6,0.801,0.7,3.4,4.1,4.8,0.8,0.2,2.2,2.4,17.3,5.3,1,-1.1,-0.1,1.2,1
87,25434263,Andre Drummond,C,24,DET,78,78,33.7,6,11.3,0.529,0,0.1,0,6,11.2,0.536,0.529,3.1,5.1,0.605,5.1,10.9,16,3,1.5,1.6,2.6,3.2,15,10.3,0.2,5.3,5.5,5,1
88,9530000,Jared Dudley,PF,32,PHO,48,0,14.3,1,2.5,0.393,0.6,1.7,0.363,0.4,0.9,0.452,0.512,0.6,0.7,0.771,0.2,1.8,2,1.6,0.5,0.2,0.6,1.8,3.2,0.8,-1.9,0,-1.9,0,0
89,6270000,Wayne Ellington,SG,30,MIA,77,2,26.5,3.7,9.1,0.407,2.9,7.5,0.392,0.8,1.6,0.479,0.569,0.9,1,0.859,0.3,2.5,2.8,1,0.7,0.1,0.7,1.2,11.2,4.5,1.8,-1.8,0,1,0
90,1621415,James Ennis,SF,27,TOT,72,22,22.3,2.5,5.3,0.474,0.7,2.1,0.333,1.8,3.2,0.567,0.54,1.3,1.6,0.836,1,2.1,3.1,1,0.7,0.3,0.8,1.9,7.1,3.1,-0.6,-0.5,-1.1,0.4,0
91,1378242,Jawun Evans,PG,21,LAC,48,4,16.2,1.9,5.3,0.352,0.3,1.1,0.278,1.5,4.1,0.372,0.381,0.8,1,0.776,0.2,1.6,1.8,2.1,0.8,0.1,0.9,2,4.8,-0.2,-4.2,-0.5,-4.7,-0.5,0
92,12400000,Tyreke Evans,PG,28,MEM,52,32,30.9,7,15.6,0.452,2.2,5.5,0.399,4.8,10.1,0.482,0.523,3.2,4,0.785,0.8,4.3,5.1,5.2,1.1,0.3,2.3,1.8,19.4,4.2,4.4,-0.8,3.6,2.3,0
93,9600000,Dante Exum,PG,22,UTA,14,0,16.8,3,6.2,0.483,0.4,1.3,0.278,2.6,4.9,0.536,0.511,1.8,2.2,0.806,0.3,1.6,1.9,3.1,0.6,0.2,1.4,1.4,8.1,0.7,-0.5,-0.7,-1.2,0,0
94,13764045,Kenneth Faried,PF,28,DEN,32,7,14.4,2.4,4.6,0.514,0,0,0,2.4,4.6,0.517,0.514,1.1,1.6,0.706,2.1,2.7,4.8,0.6,0.4,0.4,0.7,1.6,5.9,1.3,-1.1,-1.1,-2.3,0,0
95,16900000,Derrick Favors,C,26,UTA,77,77,28,5.1,9.1,0.563,0.2,0.8,0.222,4.9,8.3,0.596,0.573,1.8,2.8,0.651,2.6,4.6,7.2,1.3,0.7,1.1,1.1,2.1,12.3,8,0.5,2.2,2.7,2.5,0
96,8470980,Cristiano Felicio,C,25,CHI,55,16,17.8,2.3,3.9,0.591,0,0,0,2.3,3.9,0.596,0.591,1,1.5,0.667,1.5,2.7,4.2,1,0.3,0.2,1,1.9,5.6,1.7,-2.3,-0.1,-2.4,-0.1,0
97,2393887,Raymond Felton,PG,33,OKC,82,2,16.6,2.7,6.7,0.406,1,2.8,0.352,1.7,3.9,0.444,0.479,0.4,0.5,0.818,0.3,1.6,1.9,2.5,0.6,0.2,0.9,1.1,6.9,2.2,-1.1,-1.7,-2.8,-0.3,0
98,3000000,Yogi Ferrell,SG,24,DAL,82,21,27.8,3.8,8.9,0.426,1.6,4.4,0.373,2.2,4.5,0.477,0.518,1,1.3,0.796,0.3,2.7,3,2.5,0.8,0.1,1,1.9,10.2,3,-0.4,-0.6,-1,0.6,0
99,1544951,Dorian Finney-Smith,PF,24,DAL,21,13,21.3,2.2,5.8,0.38,1,3.2,0.299,1.2,2.6,0.481,0.463,0.5,0.7,0.733,1,2.5,3.6,1.2,0.5,0.2,1,2,5.9,0.1,-2.8,-0.3,-3.1,-0.1,0
100,3125000,Bryn Forbes,SG,24,SAS,80,12,19,2.6,6.2,0.421,1.1,2.9,0.39,1.5,3.4,0.446,0.51,0.6,0.9,0.667,0.2,1.2,1.4,1,0.4,0,0.5,1.4,6.9,2.1,-1.2,-1.9,-3.1,-0.4,0
101,17000000,Evan Fournier,SF,25,ORL,57,57,32.2,6.5,14.1,0.459,2.2,5.9,0.379,4.2,8.2,0.516,0.538,2.6,3,0.867,0.4,2.8,3.2,2.9,0.8,0.3,1.7,2.4,17.8,3.3,1.6,-2.1,-0.4,0.7,0
102,1567007,Tim Frazier,PG,27,WAS,59,11,14.2,1.2,2.9,0.395,0.3,0.9,0.304,0.9,2,0.44,0.445,0.4,0.5,0.767,0.3,1.6,1.9,3.3,0.8,0.1,1,1.6,3,1.4,-2.4,0.3,-2.1,0,0
103,2393887,Channing Frye,C,34,TOT,53,1,13.1,2,4,0.491,0.7,2.2,0.339,1.2,1.8,0.67,0.583,0.3,0.4,0.895,0.2,2.3,2.5,0.7,0.3,0.2,0.4,1.3,5,1.5,-0.7,-1,-1.7,0.1,0
104,21587579,Danilo Gallinari,SF,29,LAC,21,21,32,4.9,12.2,0.398,1.7,5.3,0.324,3.1,6.9,0.455,0.469,3.9,4.1,0.931,0.4,4.4,4.8,2,0.6,0.5,1.2,1.4,15.3,1.2,0,-1.4,-1.4,0.1,0
105,7000000,Langston Galloway,SG,26,DET,58,2,14.9,2.2,5.9,0.371,1.3,3.8,0.344,0.9,2.1,0.418,0.481,0.6,0.7,0.805,0.2,1.4,1.6,1,0.6,0.1,0.3,0.7,6.2,1.4,-0.2,-1.6,-1.7,0.1,0
106,24119025,Marc Gasol,C,33,MEM,73,73,33,5.9,14.2,0.42,1.5,4.4,0.341,4.5,9.8,0.456,0.473,3.8,4.6,0.834,1.1,7,8.1,4.2,0.7,1.4,2.7,2.5,17.2,4,-0.1,1.6,1.5,2.1,2
107,16800000,Pau Gasol,C,37,SAS,77,63,23.5,3.7,8.1,0.458,0.6,1.6,0.358,3.2,6.6,0.481,0.492,2.1,2.7,0.756,1.7,6.4,8,3.1,0.3,1,1.4,1.6,10.1,6,-0.1,3.3,3.2,2.4,1
108,10087200,Rudy Gay,PF,31,SAS,57,6,21.6,4.4,9.4,0.471,0.6,2.1,0.314,3.8,7.4,0.516,0.506,2,2.5,0.772,1.3,3.8,5.1,1.3,0.8,0.7,1.4,1.7,11.5,3.1,-0.7,1,0.3,0.7,0
109,30560700,Paul George,SF,27,OKC,79,79,36.6,7.3,17,0.43,3.1,7.7,0.401,4.2,9.3,0.454,0.521,4.3,5.2,0.822,0.9,4.7,5.7,3.3,2,0.5,2.7,2.9,21.9,8.9,2.5,0,2.6,3.3,4
110,14000000,Taj Gibson,PF,32,MIN,82,82,33.2,5.2,9,0.577,0.1,0.4,0.2,5.1,8.6,0.595,0.581,1.7,2.3,0.768,2.4,4.8,7.1,1.2,0.8,0.7,1.1,2.7,12.2,7.2,0.9,0.2,1.1,2.1,0
111,2500000,Manu Ginobili,SG,40,SAS,65,0,20,3.1,7.1,0.434,1,3,0.333,2.1,4.2,0.506,0.503,1.7,2,0.84,0.3,1.9,2.2,2.5,0.7,0.2,1.6,1.9,8.9,2.2,-0.5,-0.5,-1,0.3,1
112,23241573,Rudy Gobert,C,25,UTA,56,56,32.4,4.9,7.9,0.622,0,0,0,4.9,7.9,0.622,0.622,3.6,5.3,0.682,2.9,7.8,10.7,1.4,0.8,2.3,1.9,2.7,13.5,8.1,-0.3,4.6,4.3,2.9,1
113,21590909,Aaron Gordon,PF,22,ORL,58,57,32.9,6.5,14.9,0.434,2,5.9,0.336,4.5,9,0.497,0.5,2.7,3.9,0.698,1.5,6.4,7.9,2.3,1,0.8,1.8,1.9,17.6,2.9,0,0,0,1,0
114,13500375,Eric Gordon,SG,29,HOU,69,30,31.2,6,14.1,0.428,3.2,8.8,0.359,2.9,5.2,0.544,0.54,2.8,3.5,0.809,0.4,2.1,2.5,2.2,0.6,0.4,1.9,1.7,18,4.7,1.4,-2.4,-1,0.5,0
115,13565218,Marcin Gortat,C,33,WAS,82,82,25.3,3.5,6.8,0.518,0,0,0,3.5,6.8,0.518,0.518,1.3,2,0.675,2.2,5.4,7.6,1.8,0.5,0.7,1.2,2.1,8.4,4.9,-1.6,1.9,0.3,1.2,0
116,1512601,Treveon Graham,SG,24,CHO,63,2,16.7,1.5,3.5,0.434,0.6,1.5,0.412,0.9,2,0.452,0.525,0.7,0.9,0.695,0.7,1.3,1.9,0.9,0.5,0,0.4,1.7,4.3,1.8,-0.6,-0.3,-0.9,0.3,0
117,8653847,Jerami Grant,PF,23,OKC,81,1,20.3,3,5.6,0.535,0.4,1.4,0.291,2.6,4.3,0.613,0.57,2,3,0.675,1.1,2.9,3.9,0.7,0.4,1,0.7,1.9,8.4,5.4,-0.8,0.2,-0.6,0.6,0
118,10000000,Danny Green,SG,30,SAS,70,60,25.6,3.1,8,0.387,1.7,4.6,0.363,1.4,3.4,0.419,0.49,0.7,0.9,0.769,0.6,3,3.6,1.6,0.9,1.1,1.1,1.7,8.6,2.9,-1.1,2.2,1.2,1.4,0
119,17469565,Draymond Green,PF,27,GSW,70,70,32.7,4,8.8,0.454,1.1,3.7,0.301,2.9,5.2,0.562,0.516,1.9,2.5,0.775,1.1,6.6,7.6,7.3,1.4,1.3,2.9,2.6,11,6.1,0.4,2.7,3.2,3,2
120,2393887,Gerald Green,SG,32,HOU,41,2,22.7,4.1,10.1,0.407,2.7,7.3,0.369,1.4,2.8,0.504,0.54,1.2,1.5,0.85,0.4,2.9,3.2,0.6,0.6,0.4,0.8,2.1,12.1,2.1,0.5,-2.4,-1.9,0,0
121,7866667,JaMychal Green,PF,27,MEM,55,54,28,4.1,8.9,0.457,0.8,2.3,0.339,3.3,6.6,0.499,0.501,1.5,2,0.721,2.7,5.8,8.4,1.4,0.6,0.5,1.4,2.8,10.3,2.6,-1.2,-0.4,-1.5,0.2,0
122,2393887,Jeff Green,PF,31,CLE,78,13,23.4,3.8,7.9,0.477,0.7,2.2,0.312,3.1,5.7,0.54,0.52,2.6,3,0.868,0.8,2.4,3.2,1.3,0.5,0.4,1,1.9,10.8,3.9,-0.2,-1.7,-1.9,0.1,0
123,32088932,Blake Griffin,PF,28,TOT,58,58,34,7.5,17.2,0.438,1.9,5.6,0.345,5.6,11.6,0.482,0.493,4.5,5.7,0.785,1.3,6.1,7.4,5.8,0.7,0.3,2.8,2.4,21.4,4.9,2.9,-0.1,2.8,2.4,4
124,1349383,Daniel Hamilton,SG,22,OKC,6,0,4.7,0.8,1.8,0.455,0.3,0.8,0.4,0.5,1,0.5,0.545,0,0,0,0,0.8,0.8,1.3,0.2,0,0.3,0.3,2,0.1,0.8,-2.4,-1.6,0,0
125,17325000,Tim Hardaway,SG,25,NYK,57,54,33.1,6.3,15,0.421,2.3,7.2,0.317,4,7.8,0.516,0.496,2.6,3.1,0.816,0.6,3.4,3.9,2.7,1.1,0.2,1.6,2.2,17.5,2.6,1.7,-1.8,-0.1,0.9,0
126,10837079,Maurice Harkless,SF,24,POR,59,36,21.4,2.5,5,0.495,0.8,2,0.415,1.7,3,0.547,0.577,0.7,1,0.712,0.8,2,2.7,0.9,0.8,0.7,0.7,1.7,6.5,3.2,-0.2,2,1.8,1.2,0
127,6000000,Montrezl Harrell,C,24,LAC,76,3,17,4.6,7.2,0.635,0,0.1,0.143,4.6,7.1,0.641,0.636,1.8,2.9,0.626,1.4,2.7,4,1,0.5,0.7,0.9,1.9,11,5.5,2.4,0,2.4,1.5,0
128,2393887,Devin Harris,PG,34,TOT,71,1,18.9,2.6,6.4,0.412,1.1,3.2,0.348,1.5,3.2,0.476,0.499,2,2.4,0.835,0.2,1.6,1.8,2.1,0.7,0.2,1.1,2.2,8.4,2.5,-0.1,-1.9,-2,0,0
129,16517857,Gary Harris,SG,23,DEN,67,65,34.4,6.6,13.6,0.485,2.3,5.9,0.396,4.2,7.7,0.553,0.57,2,2.4,0.827,0.6,2.1,2.6,2.9,1.8,0.2,1.8,1.8,17.5,5.5,2.4,-1.5,0.9,1.7,0
130,8333333,Joe Harris,SG,26,BRK,78,14,25.3,3.9,8,0.491,1.9,4.6,0.419,2,3.4,0.589,0.612,1.1,1.3,0.827,0.7,2.7,3.3,1.6,0.4,0.3,1.2,2,10.8,4,1.3,-1.2,0.1,1.1,0
131,14800000,Tobias Harris,PF,25,TOT,80,80,33.4,7,15.3,0.46,2.3,5.6,0.411,4.7,9.7,0.488,0.535,2.2,2.7,0.829,0.7,4.7,5.5,2.4,0.9,0.4,1.3,2.1,18.6,6.7,1.5,-0.8,0.7,1.8,0
132,50000,Shaquille Harrison,PG,24,PHO,23,2,16.7,2.6,5.4,0.476,0.3,1.1,0.231,2.3,4.3,0.541,0.5,1.2,1.7,0.737,0.4,2.3,2.7,2.4,1.1,0.3,1,1.8,6.6,0.8,-0.7,0.9,0.2,0.2,0
133,2393887,Udonis Haslem,C,37,MIA,14,0,5.1,0.2,1.1,0.2,0.1,0.6,0.125,0.1,0.5,0.286,0.233,0.1,0.1,0.5,0.2,0.5,0.7,0.4,0,0.1,0.1,0.2,0.6,-0.1,-7.1,-0.4,-7.5,-0.1,0
134,31214295,Gordon Hayward,SF,27,BOS,73,73,34.5,7.5,15.8,0.471,2,5.1,0.398,5.4,10.7,0.506,0.536,5,5.9,0.844,0.7,4.7,5.4,3.5,1,0.3,1.9,1.6,21.9,10.4,4.2,0,4.2,4,0
135,11327466,John Henson,C,27,MIL,76,69,25.9,3.8,6.6,0.572,0,0.1,0.143,3.8,6.5,0.578,0.573,1.2,2.1,0.57,2,4.8,6.8,1.5,0.6,1.4,1.1,2.7,8.8,4.9,-1.4,1.8,0.4,1.2,0
136,1544951,Willy Hernangomez,C,23,TOT,48,1,10.3,1.9,3.4,0.555,0.1,0.3,0.417,1.8,3.2,0.566,0.57,1.2,1.9,0.656,1.3,2.5,3.8,0.7,0.4,0.3,0.7,1.3,5.1,1.8,0.1,0.8,0.9,0.4,0
137,6500000,Mario Hezonja,SF,22,ORL,75,30,22.1,3.6,8.2,0.442,1.2,3.6,0.337,2.4,4.7,0.523,0.515,1.1,1.4,0.819,0.5,3.2,3.7,1.4,1.1,0.4,1.1,1.8,9.6,2.3,-1,0.2,-0.8,0.5,0
138,3651480,Nene Hilario,C,35,HOU,52,4,14.6,2.6,4.6,0.569,0,0,0,2.6,4.6,0.574,0.569,1.3,2.1,0.636,1,2.3,3.4,0.9,0.5,0.3,0.7,2.4,6.5,2.6,-1.5,0.7,-0.8,0.2,0
139,19000000,George Hill,PG,31,TOT,67,60,27,3.5,7.7,0.46,1.3,3.1,0.415,2.3,4.6,0.49,0.543,1.6,2.1,0.786,0.6,2.1,2.7,2.8,0.9,0.4,1.3,1.9,10,3.2,0.3,-0.9,-0.6,0.6,0
140,12252928,Solomon Hill,SF,26,NOP,12,1,15.6,0.9,3.4,0.268,0.3,1.8,0.19,0.6,1.7,0.35,0.317,0.3,0.5,0.5,0.8,2.3,3,1.8,0.6,0.1,0.8,1.8,2.4,-0.1,-4.4,0.6,-3.8,-0.1,0
141,25976111,Jrue Holiday,SG,27,NOP,81,81,36.1,7.6,15.4,0.494,1.5,4.4,0.337,6.1,11,0.557,0.543,2.3,2.9,0.786,0.8,3.7,4.5,6,1.5,0.8,2.6,2.5,19,7.1,1.8,0.3,2.1,3,0
142,4384616,Justin Holiday,SG,28,CHI,72,72,31.5,4,10.9,0.371,2.2,6.2,0.359,1.8,4.6,0.387,0.474,1.9,2.3,0.823,0.4,3.6,4,2.1,1.1,0.4,1.3,1.9,12.2,1.7,-1,-0.3,-1.3,0.4,0
143,1600520,Richaun Holmes,C,24,PHI,48,2,15.5,2.8,5,0.56,0.1,0.6,0.129,2.7,4.4,0.624,0.568,0.8,1.2,0.661,1.2,3.2,4.4,1.3,0.4,0.6,0.5,2,6.5,2.8,-0.2,1.9,1.7,0.7,0
144,3472887,Rodney Hood,SG,25,TOT,60,23,26.9,5.4,12.5,0.429,2.1,5.6,0.381,3.3,7,0.467,0.513,1.9,2.2,0.86,0.4,2.4,2.8,1.6,0.8,0.2,1.2,1.8,14.7,2.7,0.2,-2.2,-2,0,0
145,28928710,Al Horford,C,31,BOS,72,72,31.6,5.1,10.5,0.489,1.3,3.1,0.429,3.8,7.3,0.514,0.553,1.3,1.7,0.783,1.4,5.9,7.4,4.7,0.6,1.1,1.8,1.9,12.9,7.8,1.1,2.9,4,3.5,1
146,18919725,Dwight Howard,C,32,CHO,81,81,30.4,6.2,11.2,0.555,0,0.1,0.143,6.2,11.2,0.559,0.556,4.1,7.2,0.574,3.1,9.3,12.5,1.3,0.6,1.6,2.6,3.1,16.6,6.8,-2,1.7,-0.3,1.1,5
147,21666667,Serge Ibaka,PF,28,TOR,76,76,27.5,5,10.3,0.483,1.4,3.9,0.36,3.6,6.4,0.559,0.552,1.2,1.6,0.797,1,5.3,6.3,0.8,0.4,1.3,1.2,2.8,12.6,5.1,-0.8,0.6,-0.2,1,0
148,16000000,Andre Iguodala,SF,34,GSW,64,7,25.3,2.3,5,0.463,0.5,1.8,0.282,1.8,3.2,0.567,0.514,0.9,1.4,0.632,0.8,3.1,3.8,3.3,0.8,0.6,1,1.5,6,3.2,-0.7,0.9,0.2,0.9,0
149,7000000,Ersan Ilyasova,PF,30,TOT,69,43,25.1,4,8.9,0.452,1.3,3.7,0.36,2.7,5.2,0.517,0.526,1.5,2,0.778,1.7,4.2,5.9,1.3,0.9,0.4,1,2.3,10.9,4,0.2,-0.1,0.1,0.9,0
150,13045455,Joe Ingles,SF,30,UTA,82,81,31.4,4.1,8.8,0.467,2.5,5.7,0.44,1.6,3.1,0.516,0.609,0.8,1,0.795,0.3,3.9,4.2,4.8,1.1,0.2,1.9,2.2,11.5,7.6,2.1,1,3.1,3.3,0
151,20099189,Kyrie Irving,PG,25,BOS,60,60,32.2,8.9,18.1,0.491,2.8,6.8,0.408,6.1,11.3,0.541,0.568,3.9,4.4,0.889,0.6,3.2,3.8,5.1,1.1,0.3,2.3,2,24.4,8.9,6.9,-0.7,6.2,4,1
152,1378242,Wesley Iwundu,SF,23,ORL,62,12,16.5,1.5,3.5,0.427,0.1,0.7,0.196,1.4,2.8,0.488,0.447,0.5,0.8,0.723,0.6,1.6,2.2,0.9,0.5,0.2,0.5,1.3,3.7,0.7,-3.7,0.2,-3.5,-0.4,0
153,92857,Demetrius Jackson,PG,23,TOT,15,0,5.3,0.5,1.2,0.389,0.1,0.5,0.143,0.4,0.7,0.545,0.417,0.1,0.1,0.5,0.3,0.5,0.8,0.6,0.3,0.1,0.7,0.5,1.1,-0.1,-6.4,1,-5.5,-0.1,0
154,2807880,Justin Jackson,SF,22,SAC,68,41,22.1,2.7,6.2,0.442,0.8,2.7,0.308,1.9,3.4,0.547,0.51,0.4,0.5,0.722,0.4,2.4,2.8,1.1,0.4,0.2,0.6,1.2,6.7,1,-2,-1.5,-3.5,-0.6,0
155,17043478,Reggie Jackson,PG,27,DET,45,45,26.7,5.5,12.8,0.426,1.2,3.8,0.308,4.3,9.1,0.475,0.471,2.5,3,0.836,0.6,2.1,2.8,5.3,0.6,0.1,2.2,1.9,14.6,2,0.8,-2.3,-1.5,0.2,0
156,4000000,Al Jefferson,C,33,IND,36,1,13.4,3.1,5.8,0.534,0,0.1,0,3.1,5.7,0.541,0.534,0.8,1,0.833,0.8,3.1,4,0.8,0.4,0.6,0.6,1.8,7,1.6,-1.7,1.3,-0.5,0.2,1
157,2165481,Jonas Jerebko,PF,30,UTA,74,19,15.3,2.1,4.6,0.466,0.9,2.1,0.414,1.3,2.5,0.511,0.562,0.6,0.8,0.807,0.7,2.6,3.3,0.6,0.3,0.2,0.4,1.7,5.8,3.4,-0.3,-0.3,-0.6,0.4,0
158,2393887,Amir Johnson,C,30,PHI,74,18,15.8,1.9,3.5,0.538,0.1,0.4,0.313,1.8,3.1,0.57,0.558,0.7,1.1,0.612,1.7,2.8,4.5,1.6,0.6,0.6,0.7,2.6,4.6,4.1,-0.2,3.1,2.9,1.5,0
159,459414,Dakari Johnson,C,22,OKC,31,6,5.2,0.7,1.3,0.564,0,0,0,0.7,1.3,0.564,0.564,0.4,0.6,0.55,0.5,0.6,1.1,0.3,0.2,0.3,0.1,0.9,1.8,0.6,-0.9,1.2,0.3,0.1,0
160,14651700,James Johnson,PF,30,MIA,73,41,26.6,4.2,8.4,0.503,0.8,2.5,0.308,3.5,5.9,0.587,0.55,1.5,2.2,0.698,0.8,4.1,4.9,3.8,1,0.7,1.9,2.6,10.8,4.9,-0.1,1.7,1.7,1.8,0
161,19245370,Tyler Johnson,PG,25,MIA,72,39,28.5,4.3,9.9,0.435,1.7,4.5,0.367,2.6,5.4,0.491,0.518,1.5,1.8,0.822,0.5,3,3.4,2.3,0.8,0.5,1.1,2.1,11.7,4.2,-0.1,-0.1,-0.2,0.9,0
162,6134520,Wesley Johnson,SF,30,LAC,74,40,20.1,2,5,0.408,0.8,2.4,0.339,1.2,2.6,0.471,0.489,0.6,0.8,0.741,0.4,2.5,2.9,0.8,1,0.8,0.7,2,5.4,1.7,-2,2.3,0.3,0.9,0
163,24605181,Nikola Jokic,C,22,DEN,75,73,32.6,6.7,13.5,0.499,1.5,3.7,0.396,5.2,9.7,0.538,0.554,3.5,4.2,0.85,2.6,8.1,10.7,6.1,1.2,0.8,2.8,2.8,18.5,10.7,4.8,2.3,7.1,5.6,0
164,1512601,Derrick Jones,SF,20,TOT,20,8,12.3,1.1,2.7,0.396,0.2,0.9,0.167,0.9,1.8,0.514,0.425,0.8,1.2,0.667,1.1,0.9,1.9,0.5,0.2,0.7,0.4,1.2,3.1,0.4,-2.7,0.7,-2,0,0
165,22900000,DeAndre Jordan,C,29,LAC,77,77,31.5,4.8,7.5,0.645,0,0,0,4.8,7.5,0.645,0.645,2.4,4.1,0.58,4.3,10.9,15.2,1.5,0.5,0.9,1.8,2.6,12,9.4,0.5,1.6,2.1,2.5,3
166,7945000,Cory Joseph,PG,26,IND,82,17,27,3.1,7.4,0.424,0.8,2.3,0.353,2.3,5,0.457,0.479,0.9,1.1,0.745,0.5,2.7,3.2,3.2,1,0.2,1.1,1.7,7.9,3.1,-1.3,0.1,-1.2,0.5,0
167,18622514,Enes Kanter,C,25,NYK,71,71,25.8,5.9,10,0.592,0,0,0,5.9,10,0.594,0.592,2.2,2.6,0.848,3.8,7.1,11,1.5,0.5,0.5,1.7,2.6,14.1,7.6,2.4,0.1,2.5,2.1,0
168,13000000,Michael Kidd-Gilchrist,SF,24,CHO,74,74,25,3.8,7.6,0.504,0,0,0,3.8,7.5,0.505,0.504,1.6,2.3,0.684,1.1,2.9,4.1,1,0.7,0.4,0.7,1.9,9.2,3.2,-2,0.3,-1.8,0.1,0
169,1378242,Maxi Kleber,PF,26,DAL,72,36,16.8,2.1,4.3,0.489,0.6,1.8,0.313,1.5,2.5,0.613,0.553,0.6,0.8,0.746,1,2.3,3.3,0.7,0.4,0.7,0.4,1.6,5.4,2.8,-1,1.2,0.2,0.7,0
170,1619000,Luke Kornet,PF,22,NYK,20,1,16.3,2.5,6.3,0.392,1.4,4,0.354,1.1,2.3,0.457,0.504,0.4,0.6,0.727,0.6,2.7,3.2,1.3,0.3,0.8,0.6,1.4,6.7,0.5,0.1,0.1,0.2,0.2,0
171,7560000,Kyle Korver,SG,36,CLE,73,4,21.6,3,6.6,0.459,2.2,5.2,0.436,0.8,1.5,0.537,0.628,0.9,1,0.889,0.1,2.1,2.3,1.2,0.4,0.4,0.8,1.8,9.2,3.4,2.2,-2,0.1,0.9,0
172,8739500,Kosta Koufos,C,28,SAC,71,13,19.6,3.1,5.5,0.571,0,0,0,3.1,5.5,0.571,0.571,0.5,1,0.446,2.1,4.5,6.6,1.2,0.7,0.5,0.7,2.1,6.7,3.9,-0.8,1.4,0.5,0.9,0
173,7488372,Jeremy Lamb,SG,25,CHO,80,18,24.6,4.8,10.4,0.457,1.2,3.2,0.37,3.6,7.2,0.495,0.513,2.2,2.6,0.861,0.6,3.4,4.1,2.3,0.8,0.4,1.2,1.7,12.9,4.9,1.2,-0.2,0.9,1.5,0
174,19500000,Zach LaVine,SG,22,CHI,24,24,27.3,5.7,14.8,0.383,1.8,5.1,0.341,3.9,9.7,0.405,0.442,3.6,4.5,0.813,0.4,3.5,3.9,3,1,0.2,1.8,2.3,16.7,0.3,-0.6,-2,-2.7,-0.1,0
175,1544951,Jake Layman,SF,23,POR,35,1,4.6,0.4,1.3,0.298,0.1,0.6,0.2,0.3,0.8,0.37,0.34,0.1,0.1,0.667,0.1,0.3,0.5,0.3,0.2,0.1,0.1,0.4,1,-0.1,-5.3,0.4,-5,-0.1,0
176,12253780,Courtney Lee,SG,32,NYK,76,69,30.4,4.5,9.9,0.454,1.5,3.7,0.406,3,6.3,0.482,0.529,1.5,1.6,0.919,0.4,2.6,2.9,2.4,1.1,0.2,1.1,1.4,12,3.9,0.8,-0.7,0,1.2,0
177,4350000,Alex Len,C,24,PHO,69,13,20.2,3.1,5.5,0.566,0,0,0.333,3.1,5.4,0.568,0.567,2.3,3.3,0.684,2.5,5,7.5,1.2,0.4,0.9,1.1,2.3,8.5,4.5,-0.3,1.1,0.8,1,0
178,10595506,Meyers Leonard,C,25,POR,33,2,7.7,1.4,2.4,0.59,0.3,0.8,0.423,1.1,1.6,0.673,0.66,0.3,0.3,0.818,0.4,1.8,2.1,0.5,0.2,0,0.3,1.1,3.4,1.1,1.2,-0.2,0.9,0.2,0
179,10002681,Jon Leuer,PF,28,DET,8,0,17,1.9,4.5,0.417,0,0.4,0,1.9,4.1,0.455,0.417,1.6,1.9,0.867,0.9,3.1,4,0.6,0.1,0.4,0.9,2,5.4,0.1,-5.6,-0.4,-5.9,-0.1,0
180,13768421,Jeremy Lin,PG,29,BRK,1,1,25,5,12,0.417,1,2,0.5,4,10,0.4,0.458,7,7,1,0,0,0,4,0,0,3,3,18,0,-3.1,-10.4,-13.5,-0.1,0
181,8307692,Shaun Livingston,PG,32,GSW,71,7,15.9,2.4,4.8,0.501,0,0.1,0,2.4,4.8,0.509,0.501,0.7,0.9,0.82,0.5,1.4,1.8,2,0.5,0.3,0.8,1.6,5.5,1.8,-2.6,-0.9,-3.5,-0.4,0
182,1567007,Kevon Looney,C,21,GSW,66,4,13.8,1.7,2.9,0.58,0,0.1,0.2,1.7,2.8,0.59,0.583,0.6,1.2,0.545,1.3,2,3.3,0.6,0.5,0.8,0.5,1.6,4,2.8,-0.9,2.1,1.2,0.7,0
183,3382000,Brook Lopez,C,29,LAL,74,72,23.4,5,10.7,0.465,1.5,4.4,0.345,3.5,6.3,0.549,0.536,1.5,2.1,0.703,1,3,4,1.7,0.4,1.3,1.3,2.6,13,3.8,0.3,0.2,0.5,1.1,0
184,14357750,Robin Lopez,C,29,CHI,64,64,26.4,5.3,10.1,0.53,0.1,0.2,0.286,5.3,9.9,0.536,0.533,1.1,1.4,0.756,2.1,2.4,4.5,1.9,0.2,0.8,1.7,1.7,11.8,1.9,-1.7,-0.3,-1.9,0,0
185,24119025,Kevin Love,C,29,CLE,59,59,28,5.7,12.4,0.458,2.3,5.6,0.415,3.3,6.8,0.494,0.552,4,4.5,0.88,1.7,7.5,9.3,1.7,0.7,0.4,1.5,2,17.6,6.4,2.7,-1.5,1.3,1.4,2
186,31200000,Kyle Lowry,PG,31,TOR,78,78,32.2,5.2,12.1,0.427,3.1,7.6,0.399,2.1,4.5,0.474,0.553,2.9,3.3,0.854,0.8,4.7,5.6,6.9,1.1,0.2,2.3,2.5,16.2,10.2,5.4,0.5,5.9,5,1
187,1544951,Timothe Luwawu-Cabarrot,SF,22,PHI,52,7,15.5,1.9,5.1,0.375,1,3,0.335,0.9,2.1,0.431,0.474,0.9,1.1,0.793,0.3,1.1,1.4,1,0.2,0.1,0.7,1.9,5.8,0.8,-2.3,-2.4,-4.7,-0.5,0
188,2029463,Shelvin Mack,PG,27,ORL,69,3,19.8,2.6,6,0.43,0.7,2,0.345,1.9,4,0.473,0.488,1,1.4,0.711,0.3,2.1,2.4,3.9,0.8,0.1,1.3,1.3,6.9,2,-1.2,-1.2,-2.4,-0.1,0
189,15944154,Ian Mahinmi,C,31,WAS,77,0,14.9,1.8,3.2,0.556,0,0,0,1.8,3.2,0.561,0.556,1.2,1.7,0.703,1.8,2.3,4.1,0.7,0.5,0.5,1.3,3,4.8,2.2,-2.3,1.6,-0.7,0.4,0
190,7000000,Boban Marjanovic,C,29,TOT,39,1,8.6,2,3.8,0.534,0,0,0,2,3.8,0.534,0.534,2,2.5,0.794,1.2,2.5,3.7,0.6,0.3,0.3,0.9,1.3,6,1.5,-0.3,-0.3,-0.6,0.1,0
191,1378242,Frank Mason,PG,23,SAC,52,2,18.9,2.8,7.3,0.379,0.6,1.7,0.36,2.2,5.7,0.384,0.42,1.8,2.2,0.817,0.6,1.9,2.5,2.8,0.7,0.2,1.3,1.4,7.9,0.5,-2,-1.4,-3.4,-0.4,0
192,18622514,Wesley Matthews,SF,31,DAL,63,62,33.8,4.5,11.1,0.406,2.4,6.4,0.381,2.1,4.7,0.441,0.516,1.3,1.6,0.822,0.4,2.7,3.1,2.7,1.2,0.3,1.3,2.2,12.7,2.6,0.2,-0.2,0.1,1.1,0
193,4320500,Luc Mbah a Moute,PF,31,HOU,61,15,25.6,2.7,5.7,0.481,1,2.8,0.364,1.7,2.8,0.599,0.572,1.1,1.6,0.684,0.4,2.7,3,0.9,1.2,0.4,1.1,1.6,7.5,2.8,-1.5,1.5,0,0.8,0
194,25759766,CJ McCollum,SG,26,POR,81,81,36.1,8.2,18.6,0.443,2.3,5.9,0.397,5.9,12.7,0.465,0.506,2.6,3.1,0.836,0.7,3.3,4,3.4,1,0.4,1.9,2.1,21.4,6.6,1.4,-1,0.4,1.8,0
195,1600520,T.J. McConnell,PG,25,PHI,76,1,22.4,2.8,5.5,0.499,0.4,0.8,0.435,2.4,4.7,0.51,0.531,0.4,0.5,0.795,0.5,2.5,3,4,1.2,0.2,1.5,1.6,6.3,3.8,-1.8,1.1,-0.7,0.5,0
196,7333334,Doug McDermott,SF,26,TOT,81,4,21.8,2.9,6.3,0.467,1.1,2.7,0.426,1.8,3.6,0.497,0.557,0.8,1,0.79,0.5,2,2.5,1,0.2,0.2,0.7,1.5,7.8,2.3,-0.7,-1.7,-2.4,-0.2,0
197,2393887,JaVale McGee,C,30,GSW,65,17,9.5,2.1,3.4,0.621,0,0.1,0,2.1,3.3,0.638,0.621,0.6,0.8,0.731,0.9,1.7,2.6,0.5,0.3,0.9,0.4,1.4,4.8,2.7,0.4,2.1,2.6,0.7,0
198,1544951,Rodney McGruder,SG,26,MIA,18,2,16.6,2,4.1,0.493,0.8,1.9,0.429,1.2,2.1,0.553,0.596,0.2,0.4,0.5,0.6,1.2,1.8,0.9,0.4,0.2,0.2,1.2,5.1,0.8,0.1,-0.7,-0.6,0.1,0
199,1349383,Alfonzo McKinnie,SF,25,TOR,14,0,3.8,0.6,1.1,0.533,0.2,0.6,0.333,0.4,0.4,0.833,0.633,0.1,0.2,0.667,0.1,0.4,0.5,0.1,0.1,0.1,0.2,0.6,1.5,0.1,-1.3,-1.8,-3.1,0,0
200,5460000,Ben McLemore,SG,24,MEM,56,17,19.5,2.8,6.7,0.421,1,2.8,0.346,1.8,3.8,0.477,0.495,0.9,1.1,0.828,0.6,1.9,2.5,0.9,0.7,0.3,1.1,2.5,7.5,0.5,-2.1,-1.4,-3.6,-0.4,0
201,3454500,Jodie Meeks,SG,30,WAS,77,0,14.5,2,5.1,0.399,0.9,2.7,0.343,1.1,2.4,0.464,0.491,1.3,1.5,0.863,0.2,1.4,1.6,0.9,0.4,0.1,0.5,0.7,6.3,2,-0.4,-2.5,-2.8,-0.2,0
202,1567007,Salah Mejri,C,31,DAL,61,1,12,1.4,2.2,0.642,0,0,0,1.4,2.2,0.657,0.642,0.6,1.1,0.576,1.4,2.6,4,0.6,0.4,1.1,0.6,2,3.5,2.7,-2.2,5.3,3.1,0.9,0
203,13000000,Khris Middleton,SF,26,MIL,82,82,36.4,7.2,15.5,0.466,1.8,5,0.359,5.5,10.5,0.517,0.524,3.9,4.4,0.884,0.5,4.7,5.2,4,1.5,0.3,2.3,3.3,20.1,6.9,1.6,-1.2,0.4,1.8,0
204,8333333,C.J. Miles,SF,30,TOR,70,3,19.1,3.2,8.6,0.379,2.3,6.5,0.361,0.9,2.1,0.434,0.516,1.2,1.4,0.835,0.3,1.9,2.2,0.8,0.5,0.3,0.6,1.9,10,2.9,1.7,-2.2,-0.5,0.5,0
205,2205000,Darius Miller,SF,27,NOP,82,3,23.7,2.6,5.9,0.444,1.8,4.4,0.411,0.8,1.6,0.535,0.594,0.7,0.8,0.866,0.2,1.8,2,1.4,0.3,0.2,0.7,2,7.8,3,0.5,-1.6,-1,0.5,0
206,11571429,Patty Mills,PG,29,SAS,82,36,25.7,3.4,8.3,0.411,1.9,5,0.372,1.5,3.3,0.47,0.523,1.3,1.4,0.89,0.3,1.6,1.9,2.8,0.7,0.1,1.3,1.6,10,4.1,0.9,-1.3,-0.4,0.9,0
207,29730769,Paul Millsap,PF,32,DEN,38,37,30.1,5.3,11.4,0.464,1,3,0.345,4.3,8.5,0.506,0.509,2.9,4.2,0.696,1.7,4.7,6.4,2.8,1,1.2,1.9,2.6,14.6,2.5,0,0.7,0.7,0.8,0
208,12500000,Nikola Mirotic,PF,26,TOT,55,14,27.2,5.6,12.4,0.447,2.5,6.5,0.377,3.1,5.9,0.525,0.546,2,2.5,0.818,1.1,6.3,7.4,1.5,0.8,0.7,1.1,2,15.6,4,1.4,-0.7,0.6,1,0
209,2165481,Greg Monroe,C,27,TOT,51,14,20.4,4.3,7.6,0.565,0,0,0,4.3,7.6,0.565,0.565,1.7,2.3,0.739,2.1,4.7,6.9,2.2,0.9,0.5,1.8,1.9,10.3,3.4,0.1,2.3,2.4,1.2,0
210,8808685,E'Twaun Moore,SG,28,NOP,82,80,31.5,5.2,10.1,0.508,1.6,3.7,0.425,3.6,6.5,0.556,0.585,0.6,0.8,0.706,0.7,2.2,2.9,2.3,1,0.1,1.2,2.2,12.5,4.4,0.6,-0.8,-0.2,1.2,0
211,5375000,Marcus Morris,PF,28,BOS,54,21,26.8,4.9,11.3,0.429,1.6,4.3,0.368,3.3,7,0.467,0.499,2.3,2.9,0.805,0.8,4.6,5.4,1.3,0.6,0.2,1.2,1.9,13.6,3.2,-1,-0.6,-1.7,0.1,0
212,8600000,Markieff Morris,PF,28,WAS,73,73,27,4.5,9.4,0.48,1,2.8,0.367,3.5,6.6,0.529,0.536,1.4,1.8,0.82,1,4.6,5.6,1.9,0.8,0.5,1.7,3,11.5,3.3,-1,0.5,-0.5,0.7,0
213,1349383,Monte Morris,PG,22,DEN,3,0,8.3,1.3,2,0.667,0,0.3,0,1.3,1.7,0.8,0.667,0.7,0.7,1,0,0.7,0.7,2.3,1,0,0.3,0.3,3.3,0.2,3.6,-1.6,2,0,0
214,16000000,Timofey Mozgov,C,31,BRK,31,13,11.6,1.7,3,0.559,0.1,0.6,0.222,1.5,2.4,0.64,0.581,0.7,1,0.767,1,2.1,3.2,0.4,0.2,0.4,1.1,1.3,4.2,0.4,-3.8,-0.3,-4.1,-0.2,0
215,5000000,Mike Muscala,C,26,ATL,53,7,20,2.7,5.9,0.458,1.2,3.2,0.371,1.5,2.7,0.559,0.558,1.1,1.2,0.919,1.1,3.3,4.3,1,0.6,0.5,0.8,1.5,7.6,2.4,0,0.2,0.2,0.6,0
216,1378242,Abdel Nader,SF,24,BOS,48,1,10.9,1,3.1,0.336,0.5,1.4,0.354,0.6,1.8,0.321,0.413,0.5,0.8,0.59,0.3,1.2,1.5,0.5,0.3,0.2,0.7,0.9,3,-0.1,-5.9,0.3,-5.6,-0.5,0
217,1942422,Shabazz Napier,PG,26,POR,74,10,20.7,3,7.2,0.42,1.1,2.9,0.376,1.9,4.2,0.45,0.497,1.6,1.9,0.841,0.4,1.9,2.3,2,1.1,0.2,1.2,1.1,8.7,3.2,-0.2,0.3,0.2,0.8,0
218,2150000,Raul Neto,PG,25,UTA,41,0,12.1,1.7,3.7,0.457,0.5,1.1,0.404,1.2,2.5,0.481,0.52,0.6,0.9,0.743,0.2,1,1.2,1.8,0.3,0.1,0.9,0.9,4.5,0.9,-2.1,-1.1,-3.2,-0.1,0
219,1512601,Georges Niang,PF,24,UTA,9,0,3.6,0.4,1.2,0.364,0,0.4,0,0.4,0.8,0.571,0.364,0.1,0.2,0.5,0.3,0.7,1,0.3,0.2,0,0.3,0.1,1,0,-5.5,1.4,-4,0,0
220,18530000,Joakim Noah,C,32,NYK,7,0,5.7,0.7,1.4,0.5,0,0,0,0.7,1.4,0.5,0.5,0.3,0.6,0.5,0.9,1.1,2,0.6,0.3,0.3,0.6,0.7,1.7,0.1,-2.4,3.4,1,0,1
221,1757429,Nerlens Noel,C,23,DAL,30,6,15.7,1.8,3.5,0.524,0,0,0,1.8,3.5,0.529,0.524,0.7,0.9,0.75,1.6,4,5.6,0.7,1,0.7,0.9,2,4.4,1.3,-3.5,4.5,1,0.4,0
222,5000000,Dirk Nowitzki,C,39,DAL,77,77,24.7,4.5,9.8,0.456,1.8,4.4,0.409,2.7,5.5,0.494,0.547,1.3,1.4,0.898,0.3,5.4,5.7,1.6,0.6,0.6,0.7,1.9,12,4.8,0.1,0.3,0.3,1.1,3
223,11111111,Jusuf Nurkic,C,23,POR,79,79,26.4,6.1,12,0.505,0,0.1,0,6.1,11.9,0.508,0.505,2.2,3.5,0.63,2.4,6.6,9,1.8,0.8,1.4,2.3,3.1,14.3,4.7,-2.6,2.8,0.3,1.2,0
224,1512601,David Nwaba,SG,25,CHI,70,21,23.5,2.9,6,0.478,0.3,0.7,0.346,2.6,5.3,0.496,0.499,1.9,2.9,0.655,1.3,3.4,4.7,1.5,0.8,0.4,1.1,2.3,7.9,2.4,-2.5,0.9,-1.6,0.1,0
225,1378242,Royce O'Neale,SF,24,UTA,69,4,16.7,1.7,4.1,0.423,0.6,1.7,0.356,1.1,2.4,0.47,0.496,0.9,1.1,0.803,0.4,3.1,3.4,1.4,0.5,0.2,0.8,1.5,5,2.4,-2.4,1.7,-0.6,0.4,0
226,4449000,Kyle O'Quinn,C,27,NYK,77,10,18,2.9,5,0.583,0.1,0.2,0.235,2.9,4.8,0.599,0.589,1.3,1.6,0.772,1.6,4.5,6.1,2.1,0.5,1.3,1.3,2.5,7.1,4.8,0.2,4.3,4.5,2.3,0
227,1378242,Semi Ojeleye,PF,23,BOS,73,0,15.8,0.9,2.6,0.346,0.5,1.7,0.32,0.3,0.9,0.397,0.452,0.3,0.6,0.61,0.5,1.7,2.2,0.3,0.3,0.1,0.3,1.2,2.7,1.2,-3.6,0.1,-3.5,-0.4,0
228,1567007,Jahlil Okafor,C,22,TOT,28,0,12.6,2.8,4.9,0.558,0,0.1,0.25,2.7,4.8,0.567,0.562,0.8,1,0.724,0.8,2.3,3,0.4,0.1,0.6,0.8,1.8,6.3,0.6,-3.7,-0.8,-4.5,-0.2,0
229,21000000,Victor Oladipo,SG,25,IND,75,75,34,8.5,17.9,0.477,2.1,5.8,0.371,6.4,12.1,0.528,0.537,3.9,4.9,0.799,0.6,4.6,5.2,4.3,2.4,0.8,2.9,2.3,23.1,8.3,3.6,1.3,4.9,4.5,1
230,12137527,Kelly Olynyk,PF,26,MIA,76,22,23.4,4.2,8.4,0.497,1.4,3.7,0.379,2.8,4.7,0.59,0.58,1.8,2.3,0.77,1.2,4.5,5.7,2.7,0.8,0.5,1.9,2.9,11.5,5.5,1.6,1.3,2.9,2.2,0
231,1544951,Chinanu Onuaku,C,21,HOU,1,0,22,2,5,0.4,0,0,0,2,5,0.4,0.4,0,0,0,1,3,4,1,0,0,3,4,4,-0.1,-11.1,-1.2,-12.3,-0.1,0
232,2775000,Cedi Osman,SF,22,CLE,61,12,11,1.5,3,0.484,0.5,1.4,0.368,1,1.6,0.586,0.57,0.4,0.8,0.565,0.3,1.7,2,0.7,0.4,0,0.5,1.3,3.9,0.9,-1.4,-1.5,-2.9,-0.2,0
233,2393887,Zaza Pachulia,C,33,GSW,69,57,14.1,2.2,3.8,0.564,0,0,0,2.2,3.8,0.567,0.564,1.1,1.3,0.806,1.3,3.4,4.7,1.6,0.6,0.2,1,1.8,5.4,3.3,-0.5,1.3,0.8,0.7,0
234,2000400,Georgios Papagiannis,C,20,TOT,17,0,7.2,1.1,2.5,0.429,0,0,0,1.1,2.5,0.429,0.429,0,0,0,0.8,1.4,2.2,0.5,0.2,0.4,0.5,0.7,2.1,0,-5.5,1.8,-3.7,-0.1,0
235,20000000,Jabari Parker,PF,22,MIL,31,3,24,5.2,10.7,0.482,1,2.6,0.383,4.2,8.1,0.514,0.529,1.3,1.7,0.741,1.4,3.5,4.9,1.9,0.8,0.3,1.5,1.6,12.6,1.2,-0.2,-1.6,-1.8,0,0
236,5000000,Tony Parker,PG,35,SAS,55,21,19.5,3.2,7.1,0.459,0.2,0.7,0.27,3.1,6.4,0.479,0.472,1,1.4,0.705,0.1,1.6,1.7,3.5,0.5,0,1.2,0.9,7.7,1.4,-2.4,-1.7,-4.1,-0.6,3
237,24107258,Chandler Parsons,SF,29,MEM,36,8,19.2,3,6.5,0.462,1.4,3.4,0.421,1.6,3.1,0.504,0.571,0.5,0.8,0.63,0.4,2.1,2.5,1.9,0.5,0.3,1,1.5,7.9,1.1,0.4,-1.6,-1.2,0.1,0
238,5451600,Patrick Patterson,PF,28,OKC,82,3,15.5,1.3,3.2,0.398,0.8,2.1,0.386,0.5,1.2,0.421,0.523,0.5,0.6,0.87,0.4,2,2.4,0.7,0.6,0.3,0.4,1.1,3.9,2.6,-1.6,0.3,-1.3,0.2,0
239,35654150,Chris Paul,PG,32,HOU,58,58,31.8,6.3,13.8,0.46,2.5,6.5,0.38,3.8,7.2,0.532,0.55,3.5,3.8,0.919,0.6,4.8,5.4,7.9,1.7,0.2,2.2,2.4,18.6,10.2,6.2,0.9,7.1,4.3,6
240,3000000,Elfrid Payton,PG,23,TOT,63,63,28.7,5.2,10.6,0.493,0.5,1.5,0.326,4.7,9.1,0.52,0.516,1.7,2.7,0.649,1,3.3,4.3,6.2,1.3,0.3,2.7,2.3,12.7,2.8,0.1,0,0.1,1,0
241,12917808,Mason Plumlee,C,27,DEN,74,26,19.4,3,5,0.601,0,0,0,3,5,0.602,0.601,1.1,2.4,0.458,1.8,3.6,5.4,1.9,0.7,1.1,1.4,2.5,7.1,3.6,-0.9,2.7,1.8,1.4,0
242,12500000,Miles Plumlee,C,29,ATL,55,35,16.7,1.9,3.3,0.583,0,0,0,1.9,3.3,0.583,0.583,0.5,1.1,0.45,1.4,2.7,4.1,0.8,0.3,0.5,1.1,1.4,4.3,0.9,-3.8,1.3,-2.5,-0.1,0
243,1893447,Quincy Pondexter,SF,29,CHI,23,1,8.5,0.6,2.1,0.286,0.1,1,0.136,0.5,1.2,0.407,0.316,0.6,0.7,0.824,0.3,0.8,1.2,0.4,0.3,0.1,0.5,1,2,-0.2,-6.1,-0.6,-6.7,-0.2,0
244,26011913,Otto Porter,SF,24,WAS,77,77,31.6,5.8,11.5,0.503,1.8,4.1,0.441,4,7.4,0.537,0.581,1.4,1.7,0.828,1.3,5.1,6.4,2,1.5,0.5,1,2,14.7,8.1,2.4,1.2,3.6,3.4,0
245,9631250,Dwight Powell,C,26,DAL,79,25,21.2,3.2,5.4,0.593,0.4,1.1,0.333,2.9,4.4,0.656,0.626,1.7,2.3,0.719,1.7,3.9,5.6,1.2,0.8,0.4,0.7,2.4,8.5,6.6,1.1,1.6,2.7,2,0
246,9367200,Norman Powell,SG,24,TOR,70,18,15.2,2.1,5.3,0.401,0.8,2.7,0.285,1.4,2.7,0.516,0.472,0.5,0.6,0.821,0.2,1.5,1.7,1.3,0.5,0.2,0.9,1.6,5.5,0.6,-2.5,-0.4,-2.8,-0.2,0
247,1378242,Zhou Qi,C,22,HOU,18,0,6.9,0.3,1.8,0.188,0.1,1.1,0.105,0.2,0.7,0.308,0.219,0.4,0.7,0.667,0.3,0.9,1.2,0.1,0.1,0.8,0.6,0.8,1.2,-0.3,-10.3,3.1,-7.2,-0.2,0
248,1378242,Ivan Rabb,PF,20,MEM,36,5,14.3,2.4,4.2,0.566,0,0,0,2.4,4.2,0.566,0.566,0.8,1,0.806,1.5,2.9,4.4,0.9,0.3,0.4,1,1.5,5.6,1.2,-1.7,0.3,-1.5,0.1,0
249,8641000,Julius Randle,C,23,LAL,82,49,26.7,6.1,11,0.558,0.1,0.5,0.222,6,10.5,0.575,0.563,3.7,5.2,0.718,2.2,5.8,8,2.6,0.5,0.5,2.6,3.3,16.1,6.6,0.4,0.6,0.9,1.6,0
250,11692308,Zach Randolph,PF,36,SAC,59,57,25.6,6.1,12.9,0.473,0.9,2.5,0.347,5.3,10.4,0.503,0.507,1.4,1.8,0.785,1.6,5.1,6.7,2.2,0.7,0.2,2,2,14.5,1.5,-0.6,-1.2,-1.8,0.1,1
251,12250000,J.J. Redick,SG,33,PHI,70,70,30.2,5.8,12.6,0.46,2.8,6.6,0.42,3,6,0.504,0.569,2.8,3.1,0.904,0.1,2.4,2.5,3,0.5,0.1,1.5,1.8,17.1,6.6,2.6,-2.6,0,1.1,0
252,1378242,Davon Reed,SG,22,PHO,21,1,11.5,1,3.6,0.289,0.5,1.8,0.289,0.5,1.8,0.289,0.362,0.4,0.6,0.667,0.1,1.8,1.9,0.6,0.5,0.1,0.5,0.8,3,-0.3,-5.8,-1,-6.7,-0.3,0
253,9367200,Josh Richardson,SF,24,MIA,81,81,33.2,4.9,10.9,0.451,1.6,4.1,0.378,3.4,6.8,0.495,0.523,1.5,1.8,0.845,0.9,2.7,3.5,2.9,1.5,0.9,1.7,2.5,12.9,5.4,-0.1,1.5,1.4,2.3,0
254,1569360,Malachi Richardson,SG,22,TOT,26,4,12.5,1.2,3.5,0.333,0.5,1.5,0.3,0.7,1.9,0.36,0.4,0.7,0.8,0.773,0.2,1.1,1.3,0.5,0.4,0,0.4,1,3.4,-0.1,-4.3,-2.1,-6.4,-0.4,0
255,12650000,Austin Rivers,SG,25,LAC,61,59,33.7,5.6,13.2,0.424,2.2,5.9,0.378,3.4,7.3,0.461,0.508,1.7,2.6,0.642,0.4,1.9,2.4,4,1.2,0.3,1.8,2.5,15.1,2.4,0.8,-1.7,-0.9,0.6,0
256,10000000,Andre Roberson,SG,26,OKC,39,39,26.6,2.2,4.2,0.537,0.2,0.9,0.222,2,3.2,0.627,0.562,0.3,1,0.316,1.9,2.8,4.7,1.2,1.2,0.9,0.8,2.3,5,2.2,-1.3,2.8,1.5,0.9,0
257,4075000,Glenn Robinson,SF,24,IND,23,1,14.7,1.6,3.7,0.424,0.6,1.5,0.412,1,2.2,0.431,0.506,0.4,0.5,0.818,0.5,1.1,1.6,0.7,0.6,0,0.2,0.6,4.1,0.6,-0.9,-0.9,-1.8,0,0
258,9000000,Rajon Rondo,PG,31,NOP,65,63,26.2,3.6,7.6,0.468,0.8,2.3,0.333,2.8,5.3,0.526,0.518,0.4,0.7,0.543,0.5,3.6,4,8.2,1.1,0.2,2.3,1.8,8.3,3.6,-0.4,-0.7,-1.1,0.4,1
259,2176260,Derrick Rose,PG,29,TOT,25,7,16.8,3.2,7.4,0.435,0.3,1.2,0.233,3,6.2,0.474,0.454,1.6,1.8,0.87,0.5,0.9,1.4,1.5,0.3,0.2,1.4,0.6,8.4,-0.2,-3.8,-3.9,-7.8,-0.6,1
260,10500000,Terrence Ross,SG,26,ORL,24,20,25,3.2,8,0.398,1.3,3.9,0.323,1.9,4.1,0.469,0.476,1.1,1.5,0.75,0.4,2.6,3,1.6,1.1,0.5,1.2,1.9,8.7,0.3,-2.2,0.1,-2.1,0,0
261,14975000,Ricky Rubio,PG,27,UTA,77,77,29.3,4.5,10.7,0.418,1.2,3.5,0.352,3.2,7.2,0.451,0.476,2.9,3.3,0.866,0.6,4,4.6,5.3,1.6,0.1,2.7,2.7,13.1,5.3,0.1,1.6,1.7,2.1,0
262,3129187,Tomas Satoransky,SG,26,WAS,73,30,22.5,2.8,5.3,0.523,0.6,1.4,0.465,2.1,3.9,0.544,0.585,1,1.3,0.781,1,2.2,3.2,3.9,0.7,0.2,1.1,1.8,7.2,5,1.3,-0.2,1.1,1.3,0
263,15500000,Dennis Schroder,PG,24,ATL,67,67,31,7.5,17.1,0.436,1.1,3.9,0.29,6.3,13.2,0.48,0.469,3.4,4,0.849,0.7,2.4,3.1,6.2,1.1,0.1,2.7,2.2,19.4,2.6,1.5,-2.2,-0.7,0.7,0
264,4320500,Mike Scott,PF,29,WAS,76,1,18.5,3.6,6.9,0.527,0.9,2.1,0.405,2.8,4.8,0.582,0.59,0.7,1,0.658,0.7,2.6,3.3,1.1,0.3,0.1,1,1.9,8.8,2.5,-0.5,-1.8,-2.3,-0.1,0
265,5250000,Thabo Sefolosha,SF,33,UTA,38,6,21.2,3.1,6.3,0.492,0.8,2.2,0.381,2.3,4.1,0.551,0.558,1.2,1.4,0.815,0.8,3.5,4.2,0.9,1.4,0.3,0.8,1.6,8.2,2.6,-0.3,2.3,1.9,0.8,0
266,1544951,Wayne Selden,SG,23,MEM,35,9,19.8,3.3,7.7,0.431,1.4,3.5,0.402,1.9,4.2,0.456,0.522,1.3,1.7,0.746,0.5,1.1,1.6,1.9,0.5,0.1,1.5,1.7,9.3,0.3,-0.7,-3.3,-4,-0.4,0
267,11011234,Iman Shumpert,SG,27,CLE,14,6,19.7,1.6,4.1,0.379,0.5,1.9,0.269,1.1,2.3,0.469,0.44,0.8,1.1,0.733,0.5,2.4,2.9,1.2,0.6,0.3,1.1,1.6,4.4,0,-3.9,-0.1,-4,-0.1,0
268,6000000,Jonathon Simmons,SG,28,ORL,69,50,29.4,5.1,11,0.465,1,3,0.338,4.1,8.1,0.512,0.511,2.7,3.5,0.768,0.9,2.6,3.5,2.5,0.8,0.2,2.1,2.5,13.9,1.9,-1,-1.3,-2.3,-0.2,0
269,999200,Kyle Singler,SF,29,OKC,12,0,4.9,0.6,1.8,0.333,0.2,0.4,0.4,0.4,1.3,0.313,0.381,0.6,1.1,0.538,0.1,0.8,0.8,0.2,0.1,0,0.3,0.3,1.9,0,-7.7,-4.2,-11.8,-0.1,0
270,11660716,Marcus Smart,SG,23,BOS,54,11,29.9,3.5,9.5,0.367,1.4,4.6,0.301,2.1,4.9,0.429,0.44,1.8,2.5,0.729,0.8,2.7,3.5,4.8,1.3,0.4,2.4,2.5,10.2,1.9,-1.6,1.1,-0.5,0.6,0
271,6000000,Ish Smith,PG,29,DET,82,35,24.9,4.7,9.8,0.486,0.4,1.2,0.347,4.3,8.5,0.506,0.507,1,1.4,0.698,0.3,2.4,2.7,4.4,0.8,0.2,1.3,1.7,10.9,4.4,-0.6,-0.6,-1.2,0.4,0
272,14720000,J.R. Smith,SG,32,CLE,80,61,28.1,3,7.4,0.403,1.8,4.8,0.375,1.2,2.7,0.453,0.524,0.5,0.7,0.696,0.4,2.6,2.9,1.8,0.9,0.1,1,2,8.3,1.4,-0.6,-1,-1.7,0.2,0
273,5450000,Jason Smith,C,31,WAS,33,2,8.6,1.4,3.5,0.391,0.1,1,0.125,1.2,2.5,0.494,0.409,0.6,0.6,0.905,0.5,1.1,1.6,0.4,0.1,0.4,0.5,1.3,3.4,0,-4.8,-1.1,-6,-0.3,0
274,5331729,Josh Smith,PF,32,NOP,3,0,4,0.3,1.3,0.25,0,0,0,0.3,1.3,0.25,0.25,0,0,0,1,0.3,1.3,0,0,0,0,1,0.7,0,-6,-7.4,-13.4,0,0
275,10607143,Tony Snell,SG,26,MIL,75,59,27.4,2.5,5.7,0.435,1.4,3.6,0.403,1,2.1,0.49,0.562,0.5,0.6,0.792,0.1,1.8,1.9,1.3,0.6,0.4,0.5,1.5,6.9,2.4,-0.5,-1.3,-1.8,0.1,0
276,1621415,Nik Stauskas,SG,24,TOT,41,0,12.8,1.5,3.8,0.39,1,2.4,0.4,0.5,1.3,0.37,0.519,0.5,0.7,0.724,0.1,1.5,1.6,1,0.2,0.1,0.6,0.6,4.4,0.3,-2.1,-1.8,-4,-0.3,0
277,4449000,Lance Stephenson,SG,27,IND,82,7,22.6,3.7,8.6,0.427,0.8,2.8,0.289,2.9,5.8,0.495,0.475,1,1.5,0.661,0.8,4.4,5.2,2.9,0.6,0.2,1.6,2.2,9.2,1.8,-2,-0.1,-2.1,0,0
278,19000000,Jeff Teague,PG,29,MIN,70,70,33,5.1,11.3,0.446,1.2,3.3,0.368,3.9,8.1,0.477,0.499,2.9,3.4,0.845,0.3,2.6,3,7,1.5,0.3,2.5,2.4,14.2,4.9,1.5,-1.3,0.2,1.3,0
279,3500000,Mirza Teletovic,PF,32,MIL,10,0,15.9,2.5,5.7,0.439,2.1,4.5,0.467,0.4,1.2,0.333,0.623,0,0,0,0.3,2,2.3,1,0.4,0.1,0.7,1.4,7.1,0.3,1.6,-3.3,-1.6,0,0
280,8000000,Garrett Temple,SG,31,SAC,65,35,24.8,3.1,7.3,0.418,1.4,3.5,0.392,1.7,3.8,0.442,0.512,0.9,1.2,0.769,0.3,2,2.3,1.9,0.9,0.4,1.2,2.1,8.4,1.2,-1.3,-0.6,-1.9,0.1,0
281,6300000,Milos Teodosic,PG,30,LAC,45,36,25.2,3.4,8,0.419,2,5.2,0.379,1.4,2.8,0.492,0.542,0.9,1,0.848,0.4,2.4,2.8,4.6,0.5,0.1,2.2,2.3,9.5,1.4,0.8,-2.2,-1.4,0.2,0
282,1378242,Daniel Theis,C,25,BOS,63,3,14.9,2,3.7,0.541,0.3,0.9,0.31,1.7,2.8,0.617,0.579,1,1.3,0.753,1.4,2.9,4.3,0.9,0.5,0.8,0.9,2.5,5.3,3.5,-0.8,3.4,2.6,1.1,0
283,2029463,Isaiah Thomas,PG,28,TOT,32,15,26.9,4.9,13.2,0.373,1.7,5.9,0.293,3.2,7.3,0.438,0.438,3.7,4.1,0.893,0.5,1.6,2.1,4.8,0.5,0.1,3,1.8,15.2,0.2,-0.9,-4.3,-5.2,-0.7,1
284,7119650,Lance Thomas,PF,29,NYK,73,31,18.5,1.4,3.7,0.382,0.7,1.7,0.403,0.7,2,0.364,0.476,0.6,0.7,0.83,0.6,1.8,2.4,0.6,0.4,0.2,0.5,1.8,4.1,0.9,-2.1,-0.5,-2.6,-0.2,0
285,18988725,Klay Thompson,SG,27,GSW,73,73,34.3,7.9,16.2,0.488,3.1,7.1,0.44,4.7,9,0.526,0.585,1.1,1.3,0.837,0.4,3.4,3.8,2.5,0.8,0.5,1.8,1.6,20,4.9,1.8,-2.4,-0.6,0.9,2
286,17469565,Tristan Thompson,C,26,CLE,53,22,20.2,2.5,4.4,0.562,0,0,0,2.5,4.4,0.562,0.562,0.8,1.5,0.544,2.4,4.3,6.6,0.6,0.3,0.3,0.7,1.9,5.8,2.5,-1.6,-0.9,-2.5,-0.1,0
287,1378242,Sindarius Thornwell,SG,23,LAC,73,17,15.8,1.4,3.2,0.429,0.3,0.8,0.377,1.1,2.4,0.448,0.479,0.8,1.2,0.67,0.5,1.5,1.9,0.9,0.7,0.3,0.7,1.7,3.9,1,-2.6,1,-1.6,0.1,0
288,5750000,Anthony Tolliver,PF,32,DET,79,14,22.2,2.8,6,0.464,2,4.6,0.436,0.8,1.4,0.561,0.632,1.3,1.7,0.797,0.6,2.4,3.1,1.1,0.4,0.3,0.7,1.8,8.9,5.3,2.3,-0.8,1.5,1.5,0
289,7969537,P.J. Tucker,PF,32,HOU,82,34,27.8,2.1,5.4,0.39,1.4,3.8,0.371,0.7,1.6,0.435,0.52,0.5,0.7,0.717,1.1,4.4,5.6,0.9,1,0.3,0.9,2.5,6.1,3.9,-1.5,1.5,0,1.2,0
290,17868852,Evan Turner,SF,29,POR,79,40,25.7,3.3,7.3,0.447,0.5,1.7,0.318,2.7,5.6,0.485,0.484,1.2,1.4,0.85,0.4,2.7,3.1,2.2,0.6,0.4,1.3,2.1,8.2,2.6,-2.4,0.6,-1.8,0.1,0
291,3360000,Ekpe Udoh,C,30,UTA,63,3,12.9,1,1.9,0.5,0,0,0,1,1.9,0.504,0.5,0.7,0.9,0.75,1.1,1.3,2.4,0.8,0.7,1.2,0.3,1.7,2.6,3.2,-1.1,6.8,5.7,1.6,0
292,16539326,Jonas Valanciunas,C,25,TOR,77,77,22.4,5.1,8.9,0.568,0.4,1,0.405,4.7,8,0.587,0.59,2.2,2.7,0.806,2.4,6.2,8.6,1.1,0.4,0.9,1.5,2.5,12.7,7.6,0.7,0.8,1.5,1.5,0
293,8653847,Fred VanVleet,PG,23,TOR,76,0,20,3.1,7.2,0.426,1.4,3.4,0.414,1.6,3.7,0.437,0.525,1.1,1.3,0.832,0.3,2.1,2.4,3.2,0.9,0.3,1,1.7,8.6,4.7,1.9,0.1,1.9,1.5,0
294,1621415,Noah Vonleh,PF,22,TOT,54,16,16.2,1.9,4.3,0.444,0.4,1.2,0.303,1.6,3.1,0.5,0.487,0.7,1.1,0.621,1.3,4.5,5.8,0.6,0.4,0.3,0.6,1.3,4.9,1.6,-3.4,0.3,-3.1,-0.2,0
295,12750000,Nikola Vucevic,C,27,ORL,57,57,29.5,7,14.7,0.475,1.1,3.6,0.314,5.9,11.2,0.527,0.513,1.4,1.6,0.819,1.8,7.4,9.2,3.4,1,1.1,1.9,2.5,16.5,3.6,0.6,2.1,2.7,2,0
296,2393887,Dwyane Wade,SG,36,TOT,67,3,22.9,4.5,10.2,0.438,0.5,1.7,0.288,4,8.5,0.468,0.462,2,2.8,0.714,0.7,3,3.8,3.4,0.9,0.7,2.1,1.9,11.4,1.1,-2.4,0.3,-2.1,0,4
297,11550000,Dion Waiters,SG,26,MIA,30,30,30.6,5.4,13.7,0.398,1.7,5.7,0.306,3.7,8,0.463,0.461,1.7,2.3,0.739,0.3,2.3,2.6,3.8,0.8,0.3,2.3,2,14.3,0.1,-2,-2,-4,-0.5,0
298,12000000,Kemba Walker,PG,27,CHO,80,80,34.2,7.4,17,0.431,2.9,7.5,0.384,4.5,9.5,0.469,0.516,4.5,5.3,0.864,0.4,2.7,3.1,5.6,1.1,0.3,2.2,1.2,22.1,8.5,5.1,-1.9,3.2,3.6,0
299,19169800,John Wall,PG,27,WAS,41,41,34.4,6.8,16.3,0.42,1.5,4.1,0.371,5.3,12.2,0.436,0.466,4.3,5.9,0.726,0.5,3.1,3.7,9.6,1.4,1.1,3.9,2,19.4,2.7,1.6,0,1.5,1.2,1
300,1349383,Tyrone Wallace,PG,23,LAC,30,19,28.4,3.7,8.2,0.445,0.3,1.3,0.25,3.3,6.9,0.483,0.466,2,2.6,0.782,0.7,2.8,3.5,2.4,0.9,0.4,1.5,2.8,9.7,0.7,-2.1,0.2,-2,0,0
301,11750000,T.J. Warren,SF,24,PHO,65,65,33,8.1,16.4,0.498,0.3,1.4,0.222,7.8,15,0.523,0.507,3,3.9,0.757,1.9,3.2,5.1,1.3,1,0.6,1.3,2.3,19.6,3.4,-0.1,-1.7,-1.9,0.1,0
302,1667160,Derrick White,PG,23,SAS,17,0,8.2,0.9,1.9,0.485,0.5,0.8,0.615,0.5,1.2,0.4,0.606,0.8,1.2,0.7,0.3,1.2,1.5,0.5,0.2,0.2,0.4,0.5,3.2,0.5,0,0.5,0.5,0.1,0
303,25434263,Hassan Whiteside,C,28,MIA,54,54,25.3,5.8,10.7,0.54,0,0,1,5.7,10.7,0.538,0.542,2.4,3.4,0.703,3.2,8.2,11.4,1,0.7,1.7,1.7,2.4,14,5.3,-2.1,2.3,0.2,0.8,0
304,25467250,Andrew Wiggins,SF,22,MIN,82,82,36.3,6.9,15.9,0.438,1.4,4.1,0.331,5.6,11.7,0.475,0.481,2.5,3.8,0.643,1,3.4,4.4,2,1.1,0.6,1.7,2,17.7,2.1,-1.1,-1.4,-2.5,-0.4,0
305,8000000,Lou Williams,SG,31,LAC,79,19,32.8,7.4,16.9,0.435,2.4,6.6,0.359,5,10.4,0.484,0.505,5.5,6.2,0.88,0.5,2,2.5,5.3,1.1,0.2,3,1.3,22.6,6.7,3.8,-2.9,1,2,0
306,14087500,Marvin Williams,PF,31,CHO,78,78,25.7,3.3,7.2,0.458,1.6,3.9,0.413,1.7,3.3,0.512,0.57,1.3,1.6,0.829,0.9,3.8,4.7,1.2,0.7,0.5,0.8,1.5,9.5,5,1.1,0.5,1.7,1.9,0
307,122741,Troy Williams,SF,23,TOT,21,1,14.6,2.4,5.2,0.468,0.5,1.8,0.289,1.9,3.4,0.563,0.518,1,1.4,0.667,1,2,3,0.8,1,0.2,0.9,1.6,6.3,0.5,-0.1,0.2,0,0.2,0
308,3448926,Justise Winslow,PF,21,MIA,68,25,24.7,3,7.2,0.424,0.7,1.9,0.38,2.3,5.3,0.44,0.474,1,1.5,0.635,0.9,4.5,5.4,2.2,0.8,0.5,1.1,2.1,7.8,2.6,-2.7,1.7,-1,0.4,0
309,13764045,Thaddeus Young,PF,29,IND,81,81,32.2,5.2,10.7,0.487,0.7,2.2,0.32,4.5,8.4,0.531,0.521,0.7,1.1,0.598,2.3,4,6.3,1.9,1.7,0.4,1.3,2.2,11.8,5.5,0.1,1.4,1.5,2.3,0
310,13528090,Cody Zeller,C,25,CHO,33,0,19,2.6,4.7,0.545,0.1,0.1,0.667,2.5,4.6,0.542,0.551,1.8,2.6,0.718,2,3.3,5.4,0.9,0.4,0.6,1,2.5,7.1,1.9,-0.6,1.3,0.7,0.4,0
311,1544951,Ivica Zubac,C,20,LAL,43,0,9.5,1.4,2.8,0.5,0,0,0,1.4,2.8,0.504,0.5,0.9,1.2,0.765,1,1.8,2.9,0.6,0.2,0.3,0.6,1.1,3.7,1,-2.7,0.5,-2.2,0,0
